claim_id,policy_id,line_of_business,industry_segment,state,loss_date,report_date,report_lag_days,cause_of_loss,claim_status,paid_loss,case_reserve,alae,incurred_loss,incurred_loss_alae
CLM-000001,POL-000001,Professional Liability,Healthcare Services,NC,2025-05-01,2025-08-02,93,Failure to Deliver,Open,8306.51,23222.67,2032.04,31529.18,33561.22
CLM-000002,POL-000005,Professional Liability,Healthcare Services,AZ,2024-09-17,2024-09-17,0,Breach of Duty,Closed,507446.44,0.0,29660.3,507446.44,537106.74
CLM-000003,POL-000011,General Liability,Real Estate,AZ,2024-07-22,2024-11-12,113,Products Liability,Closed,20649.15,0.0,3778.02,20649.15,24427.17
CLM-000004,POL-000015,BOP,Real Estate,GA,2026-05-27,2026-06-23,27,Theft/Burglary,Open,3335.86,7095.32,2190.16,10431.18,12621.34
CLM-000005,POL-000022,BOP,Real Estate,FL,2024-07-09,2024-07-30,21,Wind/Hail,Closed,31946.95,0.0,5784.05,31946.95,37731.0
CLM-000006,POL-000026,BOP,Light Manufacturing,NC,2026-02-16,2026-03-01,13,Wind/Hail,Open,7143.58,16928.03,4220.85,24071.61,28292.46
CLM-000007,POL-000039,BOP,Contractors,NY,2024-11-05,2024-11-15,10,Fire,Closed,6354.79,0.0,547.88,6354.79,6902.67
CLM-000008,POL-000046,BOP,Restaurants & Food Service,OH,2024-03-23,2024-05-17,55,Business Interruption,Closed,6269.7,0.0,437.78,6269.7,6707.48
CLM-000009,POL-000049,BOP,Restaurants & Food Service,GA,2025-02-19,2025-03-03,12,Business Interruption,Closed,10057.03,0.0,481.27,10057.03,10538.3
CLM-000010,POL-000051,BOP,Restaurants & Food Service,NC,2024-11-16,2024-12-03,17,Wind/Hail,Closed,9180.06,0.0,1479.18,9180.06,10659.24
CLM-000011,POL-000056,General Liability,Healthcare Services,IL,2025-06-09,2025-08-06,58,Products Liability,Open,56122.97,62954.23,20046.65,119077.2,139123.85
CLM-000012,POL-000064,BOP,Restaurants & Food Service,NC,2024-10-23,2024-12-30,68,Business Interruption,Closed,10079.13,0.0,1855.42,10079.13,11934.55
CLM-000013,POL-000070,General Liability,Restaurants & Food Service,IL,2025-08-11,2026-01-19,161,Property Damage - 3rd Party,Open,7241.25,5953.46,1674.09,13194.71,14868.8
CLM-000014,POL-000070,General Liability,Restaurants & Food Service,IL,2025-02-28,2025-03-28,28,Slip & Fall,Open,11596.74,14405.28,1334.31,26002.02,27336.33
CLM-000015,POL-000093,BOP,Professional Services,GA,2024-09-04,2024-09-20,16,Theft/Burglary,Closed,5534.35,0.0,865.5,5534.35,6399.85
CLM-000016,POL-000103,Professional Liability,Healthcare Services,OH,2024-08-21,2024-11-15,86,Breach of Duty,Closed,18048.71,0.0,730.41,18048.71,18779.12
CLM-000017,POL-000115,General Liability,Restaurants & Food Service,IL,2025-08-18,2025-11-27,101,Personal & Advertising Injury,Open,22210.88,23848.14,3245.89,46059.02,49304.91
CLM-000018,POL-000115,General Liability,Restaurants & Food Service,IL,2025-07-09,2025-08-13,35,Slip & Fall,Closed,53991.25,0.0,8595.08,53991.25,62586.33
CLM-000019,POL-000125,BOP,Professional Services,IL,2025-02-21,2025-02-26,5,Wind/Hail,Closed,3621.82,0.0,596.82,3621.82,4218.64
CLM-000020,POL-000137,General Liability,Contractors,CA,2023-09-26,2024-09-12,352,Products Liability,Open,811.55,12700.11,1720.32,13511.66,15231.98
CLM-000021,POL-000147,BOP,Healthcare Services,AZ,2025-09-14,2025-09-17,3,Water Damage,Closed,15216.41,0.0,764.11,15216.41,15980.52
CLM-000022,POL-000161,General Liability,Contractors,TX,2024-11-14,2024-12-08,24,Slip & Fall,Closed,22359.32,0.0,3863.75,22359.32,26223.07
CLM-000023,POL-000163,General Liability,Retail,WA,2025-01-15,2025-03-14,58,Slip & Fall,Closed - No Pay,0.0,0.0,0.0,0.0,0.0
CLM-000024,POL-000173,BOP,Retail,TX,2025-06-05,2025-07-07,32,Slip & Fall,Open,1198.93,1283.66,507.16,2482.59,2989.75
CLM-000025,POL-000182,Professional Liability,Healthcare Services,TX,2024-12-07,2025-04-20,134,Misrepresentation,Open,3404.87,4971.85,793.53,8376.72,9170.25
CLM-000026,POL-000188,BOP,Professional Services,TX,2025-03-09,2025-03-28,19,Theft/Burglary,Closed,1273.68,0.0,174.57,1273.68,1448.25
CLM-000027,POL-000195,General Liability,Contractors,WA,2025-04-21,2025-04-29,8,Slip & Fall,Open,11915.64,15041.02,3959.71,26956.66,30916.37
CLM-000028,POL-000196,BOP,Retail,AZ,2025-03-22,2025-03-22,0,Water Damage,Open,18531.11,22510.59,5771.57,41041.7,46813.27
CLM-000029,POL-000201,General Liability,Contractors,CA,2024-09-29,2025-04-30,213,Products Liability,Closed,62195.03,0.0,10597.16,62195.03,72792.19
CLM-000030,POL-000201,General Liability,Contractors,CA,2024-07-31,2024-08-02,2,Completed Operations,Closed,20071.03,0.0,3336.61,20071.03,23407.64
CLM-000031,POL-000213,BOP,Light Manufacturing,IL,2024-04-11,2024-05-22,41,Theft/Burglary,Closed - No Pay,0.0,0.0,0.0,0.0,0.0
CLM-000032,POL-000220,Professional Liability,Professional Services,NY,2024-06-21,2024-11-23,155,Negligent Act,Open,12048.26,47888.24,2757.64,59936.5,62694.14
CLM-000033,POL-000222,Professional Liability,Professional Services,NY,2025-08-27,2026-01-12,138,Breach of Duty,Open,2100.11,20616.6,2208.5,22716.71,24925.21
CLM-000034,POL-000241,BOP,Restaurants & Food Service,GA,2025-10-10,2025-10-23,13,Wind/Hail,Closed,2039.79,0.0,190.65,2039.79,2230.44
CLM-000035,POL-000256,BOP,Light Manufacturing,GA,2023-08-26,2023-08-29,3,Wind/Hail,Open,5432.79,8285.18,1130.26,13717.97,14848.23
CLM-000036,POL-000269,BOP,Healthcare Services,OH,2026-04-13,2026-04-23,10,Fire,Open,1710.23,16903.01,2164.67,18613.24,20777.91
CLM-000037,POL-000269,BOP,Healthcare Services,OH,2026-03-29,2026-04-01,3,Wind/Hail,Open,2172.13,4008.34,1285.29,6180.47,7465.76
CLM-000038,POL-000272,General Liability,Contractors,IL,2023-07-14,2023-11-10,119,Slip & Fall,Closed,5734.43,0.0,693.85,5734.43,6428.28
CLM-000039,POL-000272,General Liability,Contractors,IL,2024-05-23,2024-05-28,5,Completed Operations,Closed,12797.84,0.0,1243.92,12797.84,14041.76
CLM-000040,POL-000274,General Liability,Contractors,IL,2026-01-02,2026-06-01,150,Slip & Fall,Open,908.56,1246.02,274.44,2154.58,2429.02
CLM-000041,POL-000275,BOP,Real Estate,WA,2026-05-14,2026-06-11,28,Water Damage,Open,40560.28,95710.56,9598.36,136270.84,145869.2
CLM-000042,POL-000292,General Liability,Retail,WA,2025-11-26,2026-01-09,44,Property Damage - 3rd Party,Open,1781.99,8479.77,821.09,10261.76,11082.85
CLM-000043,POL-000310,General Liability,Retail,GA,2023-10-25,2023-12-18,54,Completed Operations,Open,4719.93,4715.6,1558.43,9435.53,10993.96
CLM-000044,POL-000318,BOP,Contractors,OH,2023-12-29,2024-02-17,50,Slip & Fall,Closed,3523.02,0.0,305.96,3523.02,3828.98
CLM-000045,POL-000319,BOP,Contractors,OH,2025-05-24,2025-05-28,4,Water Damage,Open,22937.14,38404.24,6035.67,61341.38,67377.05
CLM-000046,POL-000326,BOP,Contractors,OH,2025-09-25,2025-10-05,10,Wind/Hail,Closed,94554.43,0.0,19878.51,94554.43,114432.94
CLM-000047,POL-000333,General Liability,Light Manufacturing,CA,2025-08-26,2026-05-08,255,Personal & Advertising Injury,Open,10491.16,10444.98,1654.37,20936.14,22590.51
CLM-000048,POL-000333,General Liability,Light Manufacturing,CA,2026-03-10,2026-03-27,17,Completed Operations,Closed,15446.88,0.0,3240.17,15446.88,18687.05
CLM-000049,POL-000336,General Liability,Contractors,AZ,2025-05-19,2025-10-10,144,Personal & Advertising Injury,Open,79491.99,105510.97,21617.41,185002.96,206620.37
CLM-000050,POL-000353,BOP,Restaurants & Food Service,CA,2026-02-12,2026-03-20,36,Theft/Burglary,Open,716.29,2974.88,309.84,3691.17,4001.01
CLM-000051,POL-000358,BOP,Retail,TX,2025-08-11,2025-08-21,10,Fire,Closed,751.44,0.0,33.98,751.44,785.42
CLM-000052,POL-000366,BOP,Real Estate,GA,2024-01-16,2024-03-13,57,Theft/Burglary,Closed,3046.67,0.0,251.14,3046.67,3297.81
CLM-000053,POL-000369,BOP,Restaurants & Food Service,WA,2023-12-22,2024-02-21,61,Business Interruption,Closed,12215.29,0.0,1940.11,12215.29,14155.4
CLM-000054,POL-000372,BOP,Contractors,NY,2026-05-15,2026-05-26,11,Business Interruption,Open,1345.0,6856.2,1283.41,8201.2,9484.61
CLM-000055,POL-000379,Professional Liability,Professional Services,TX,2024-10-02,2025-02-24,145,Regulatory Proceeding,Open,72200.18,356873.27,74893.22,429073.45,503966.67
CLM-000056,POL-000381,BOP,Contractors,TX,2025-05-08,2025-05-13,5,Fire,Open,11820.64,16635.18,5077.56,28455.82,33533.38
CLM-000057,POL-000388,BOP,Real Estate,GA,2025-01-30,2025-02-26,27,Fire,Closed,13523.4,0.0,2212.43,13523.4,15735.83
CLM-000058,POL-000408,BOP,Technology,NC,2024-04-03,2024-04-09,6,Slip & Fall,Closed,4214.63,0.0,413.48,4214.63,4628.11
CLM-000059,POL-000411,General Liability,Technology,IL,2024-12-29,2025-06-01,154,Property Damage - 3rd Party,Closed,120578.04,0.0,17452.13,120578.04,138030.17
CLM-000060,POL-000415,General Liability,Contractors,FL,2024-09-17,2025-03-20,184,Property Damage - 3rd Party,Closed,209948.69,0.0,13453.01,209948.69,223401.7
CLM-000061,POL-000416,General Liability,Contractors,FL,2026-03-14,2026-04-09,26,Slip & Fall,Open,8347.58,17524.08,4815.81,25871.66,30687.47
CLM-000062,POL-000420,BOP,Professional Services,CA,2025-07-06,2025-09-13,69,Slip & Fall,Open,4106.82,67346.71,15489.22,71453.53,86942.75
CLM-000063,POL-000433,BOP,Restaurants & Food Service,NC,2025-05-10,2025-06-11,32,Fire,Closed,1084.93,0.0,212.98,1084.93,1297.91
CLM-000064,POL-000436,Professional Liability,Healthcare Services,CA,2025-09-07,2025-11-13,67,Failure to Deliver,Closed,149047.59,0.0,27604.36,149047.59,176651.95
CLM-000065,POL-000438,General Liability,Professional Services,OH,2026-01-19,2026-06-06,138,Slip & Fall,Closed,25997.21,0.0,1353.84,25997.21,27351.05
CLM-000066,POL-000446,General Liability,Contractors,AZ,2025-10-16,2026-02-03,110,Personal & Advertising Injury,Open,38841.66,46287.5,15761.66,85129.16,100890.82
CLM-000067,POL-000448,BOP,Retail,WA,2025-10-18,2025-12-08,51,Theft/Burglary,Open,2583.68,15650.89,2888.11,18234.57,21122.68
CLM-000068,POL-000450,General Liability,Light Manufacturing,TX,2026-01-12,2026-01-26,14,Property Damage - 3rd Party,Closed - No Pay,0.0,0.0,0.0,0.0,0.0
CLM-000069,POL-000455,BOP,Light Manufacturing,FL,2023-09-12,2023-10-05,23,Theft/Burglary,Closed,2468.97,0.0,229.62,2468.97,2698.59
CLM-000070,POL-000469,BOP,Retail,NC,2025-01-25,2025-02-16,22,Theft/Burglary,Closed,979.59,0.0,130.83,979.59,1110.42
CLM-000071,POL-000475,BOP,Contractors,FL,2023-07-30,2023-07-31,1,Wind/Hail,Open,3688.72,4066.99,1348.57,7755.71,9104.28
CLM-000072,POL-000476,BOP,Contractors,FL,2025-04-05,2025-04-22,17,Theft/Burglary,Closed,2368.66,0.0,468.61,2368.66,2837.27
CLM-000073,POL-000477,BOP,Contractors,FL,2025-09-08,2025-09-27,19,Business Interruption,Closed - No Pay,0.0,0.0,0.0,0.0,0.0
CLM-000074,POL-000481,BOP,Contractors,IL,2024-11-22,2024-12-04,12,Slip & Fall,Closed - No Pay,0.0,0.0,0.0,0.0,0.0
CLM-000075,POL-000482,BOP,Contractors,IL,2026-02-26,2026-03-10,12,Business Interruption,Open,3856.44,10042.75,1685.56,13899.19,15584.75
CLM-000076,POL-000483,BOP,Contractors,TX,2025-04-29,2025-05-23,24,Water Damage,Closed - No Pay,0.0,0.0,0.0,0.0,0.0
CLM-000077,POL-000498,BOP,Retail,NY,2025-07-15,2025-07-23,8,Wind/Hail,Closed,12766.24,0.0,2781.9,12766.24,15548.14
CLM-000078,POL-000499,BOP,Retail,NY,2026-03-07,2026-03-20,13,Slip & Fall,Open,725.14,3671.72,760.54,4396.86,5157.4
CLM-000079,POL-000501,General Liability,Restaurants & Food Service,TX,2025-11-01,2025-12-24,53,Personal & Advertising Injury,Open,5304.83,41258.72,6221.48,46563.55,52785.03
CLM-000080,POL-000507,BOP,Retail,NY,2025-07-27,2025-08-19,23,Theft/Burglary,Open,698.07,2631.84,722.17,3329.91,4052.08
CLM-000081,POL-000513,BOP,Retail,TX,2026-04-19,2026-05-30,41,Wind/Hail,Open,311.8,682.67,160.74,994.47,1155.21
CLM-000082,POL-000521,BOP,Retail,TX,2024-02-19,2024-03-08,18,Fire,Closed,16427.35,0.0,1631.27,16427.35,18058.62
CLM-000083,POL-000525,General Liability,Professional Services,CA,2025-06-29,2026-02-05,221,Completed Operations,Open,8789.4,9992.33,2983.81,18781.73,21765.54
CLM-000084,POL-000535,BOP,Retail,FL,2025-10-16,2025-11-22,37,Slip & Fall,Closed,11912.66,0.0,1501.02,11912.66,13413.68
CLM-000085,POL-000542,BOP,Restaurants & Food Service,IL,2026-05-15,2026-05-20,5,Fire,Open,876.04,1155.01,115.79,2031.05,2146.84
CLM-000086,POL-000544,BOP,Retail,FL,2023-05-06,2023-06-08,33,Business Interruption,Open,787.97,5399.02,1072.76,6186.99,7259.75
CLM-000087,POL-000556,General Liability,Contractors,NY,2024-08-09,2024-10-31,83,Products Liability,Closed,10463.55,0.0,1411.15,10463.55,11874.7
CLM-000088,POL-000559,General Liability,Retail,CA,2023-12-07,2024-04-19,134,Products Liability,Closed,161730.69,0.0,35328.49,161730.69,197059.18
CLM-000089,POL-000560,General Liability,Retail,CA,2025-02-13,2025-04-06,52,Completed Operations,Closed,2514.26,0.0,187.54,2514.26,2701.8
CLM-000090,POL-000563,BOP,Real Estate,OH,2023-10-18,2023-11-06,19,Slip & Fall,Closed,6331.41,0.0,1342.08,6331.41,7673.49
CLM-000091,POL-000570,General Liability,Restaurants & Food Service,IL,2025-06-29,2025-08-21,53,Completed Operations,Closed,7551.7,0.0,1082.98,7551.7,8634.68
CLM-000092,POL-000579,BOP,Retail,IL,2024-12-13,2024-12-14,1,Wind/Hail,Closed,4218.41,0.0,306.05,4218.41,4524.46
CLM-000093,POL-000589,General Liability,Contractors,IL,2026-02-14,2026-03-18,32,Completed Operations,Open,38782.65,62635.07,7059.04,101417.72,108476.76
CLM-000094,POL-000592,Professional Liability,Professional Services,WA,2025-08-06,2025-09-02,27,Failure to Deliver,Closed,94560.63,0.0,13164.02,94560.63,107724.65
CLM-000095,POL-000607,BOP,Healthcare Services,TX,2024-10-06,2024-10-11,5,Theft/Burglary,Open,2186.87,10108.72,2512.49,12295.59,14808.08
CLM-000096,POL-000617,BOP,Retail,NC,2025-12-15,2025-12-30,15,Fire,Open,476.36,1331.82,294.54,1808.18,2102.72
CLM-000097,POL-000628,BOP,Restaurants & Food Service,GA,2025-10-28,2026-03-07,130,Wind/Hail,Open,900.6,8973.91,1283.06,9874.51,11157.57
CLM-000098,POL-000633,General Liability,Contractors,NY,2024-07-10,2024-08-25,46,Personal & Advertising Injury,Closed,12327.45,0.0,1334.13,12327.45,13661.58
CLM-000099,POL-000642,BOP,Real Estate,FL,2025-10-22,2025-11-09,18,Fire,Open,1612.14,11825.83,821.39,13437.97,14259.36
CLM-000100,POL-000651,General Liability,Retail,IL,2025-12-17,2026-02-23,68,Slip & Fall,Closed,3614.22,0.0,327.89,3614.22,3942.11
CLM-000101,POL-000655,BOP,Light Manufacturing,CA,2025-02-11,2025-02-18,7,Water Damage,Open,2067.82,3188.19,502.93,5256.01,5758.94
CLM-000102,POL-000675,General Liability,Real Estate,OH,2024-02-07,2024-03-24,46,Personal & Advertising Injury,Closed,36716.86,0.0,5423.66,36716.86,42140.52
CLM-000103,POL-000686,General Liability,Contractors,TX,2025-03-13,2025-06-20,99,Personal & Advertising Injury,Open,3608.98,19720.61,3522.49,23329.59,26852.08
CLM-000104,POL-000689,General Liability,Real Estate,NY,2025-04-07,2025-04-10,3,Personal & Advertising Injury,Open,3521.73,3656.97,612.6,7178.7,7791.3
CLM-000105,POL-000700,BOP,Contractors,CA,2025-10-11,2025-10-20,9,Wind/Hail,Closed,15374.72,0.0,1040.09,15374.72,16414.81
CLM-000106,POL-000708,BOP,Restaurants & Food Service,WA,2024-01-10,2024-01-13,3,Water Damage,Closed,3410.84,0.0,374.27,3410.84,3785.11
CLM-000107,POL-000715,General Liability,Light Manufacturing,GA,2025-07-17,2025-08-07,21,Products Liability,Closed,6077.02,0.0,1266.07,6077.02,7343.09
CLM-000108,POL-000715,General Liability,Light Manufacturing,GA,2025-06-27,2025-08-06,40,Property Damage - 3rd Party,Open,3192.22,28718.58,1569.91,31910.8,33480.71
CLM-000109,POL-000729,BOP,Healthcare Services,FL,2025-04-05,2025-04-13,8,Slip & Fall,Closed,3338.17,0.0,535.97,3338.17,3874.14
CLM-000110,POL-000737,BOP,Real Estate,IL,2026-04-18,2026-04-19,1,Water Damage,Open,4752.66,59739.26,8657.59,64491.92,73149.51
CLM-000111,POL-000749,General Liability,Professional Services,TX,2024-07-26,2024-08-16,21,Products Liability,Open,74842.31,107327.03,17223.31,182169.34,199392.65
CLM-000112,POL-000760,General Liability,Restaurants & Food Service,CA,2026-01-13,2026-03-21,67,Slip & Fall,Open,39466.97,58307.91,7729.55,97774.88,105504.43
CLM-000113,POL-000761,BOP,Retail,NC,2023-08-29,2023-09-19,21,Business Interruption,Closed,34157.34,0.0,5495.36,34157.34,39652.7
CLM-000114,POL-000763,BOP,Retail,NC,2025-07-14,2025-08-07,24,Business Interruption,Closed,21692.37,0.0,907.89,21692.37,22600.26
CLM-000115,POL-000766,General Liability,Contractors,IL,2025-08-30,2025-09-16,17,Property Damage - 3rd Party,Open,3555.3,60521.34,12020.44,64076.64,76097.08
CLM-000116,POL-000802,BOP,Real Estate,NC,2025-04-08,2025-04-10,2,Slip & Fall,Closed,4822.37,0.0,868.9,4822.37,5691.27
CLM-000117,POL-000807,Professional Liability,Healthcare Services,OH,2025-05-23,2026-01-16,238,Negligent Act,Closed,26907.18,0.0,1666.69,26907.18,28573.87
CLM-000118,POL-000811,BOP,Retail,OH,2024-08-21,2024-08-26,5,Fire,Closed,6265.03,0.0,673.66,6265.03,6938.69
CLM-000119,POL-000812,BOP,Retail,OH,2024-12-25,2025-01-16,22,Fire,Open,4864.76,7527.58,709.18,12392.34,13101.52
CLM-000120,POL-000817,BOP,Restaurants & Food Service,GA,2024-06-03,2024-06-15,12,Slip & Fall,Closed,2604.09,0.0,104.47,2604.09,2708.56
CLM-000121,POL-000817,BOP,Restaurants & Food Service,GA,2024-10-09,2024-10-13,4,Wind/Hail,Closed,12051.35,0.0,649.16,12051.35,12700.51
CLM-000122,POL-000819,BOP,Restaurants & Food Service,GA,2026-01-26,2026-02-10,15,Business Interruption,Closed - No Pay,0.0,0.0,0.0,0.0,0.0
CLM-000123,POL-000830,BOP,Restaurants & Food Service,CA,2026-01-17,2026-02-20,34,Wind/Hail,Open,906.8,2236.03,152.46,3142.83,3295.29
CLM-000124,POL-000850,General Liability,Contractors,AZ,2025-02-01,2025-02-27,26,Property Damage - 3rd Party,Open,7634.54,42175.87,8837.93,49810.41,58648.34
CLM-000125,POL-000852,General Liability,Restaurants & Food Service,TX,2024-02-13,2024-10-28,258,Slip & Fall,Open,13075.48,27583.39,2911.86,40658.87,43570.73
CLM-000126,POL-000864,BOP,Contractors,IL,2025-05-03,2025-05-28,25,Water Damage,Closed,9683.76,0.0,1660.75,9683.76,11344.51
CLM-000127,POL-000874,BOP,Restaurants & Food Service,FL,2024-10-07,2024-10-12,5,Business Interruption,Closed,54406.57,0.0,3158.67,54406.57,57565.24
CLM-000128,POL-000889,General Liability,Retail,GA,2025-04-16,2025-10-01,168,Products Liability,Closed,5571.98,0.0,1181.66,5571.98,6753.64
CLM-000129,POL-000891,Professional Liability,Professional Services,NC,2025-01-25,2025-09-25,243,Regulatory Proceeding,Closed,80385.34,0.0,5721.1,80385.34,86106.44
CLM-000130,POL-000895,BOP,Healthcare Services,FL,2025-10-10,2025-11-03,24,Theft/Burglary,Closed,8198.21,0.0,979.22,8198.21,9177.43
CLM-000131,POL-000895,BOP,Healthcare Services,FL,2026-01-19,2026-02-11,23,Wind/Hail,Closed,35865.94,0.0,5614.14,35865.94,41480.08
CLM-000132,POL-000895,BOP,Healthcare Services,FL,2025-09-17,2025-10-04,17,Wind/Hail,Closed,12411.22,0.0,1461.08,12411.22,13872.3
CLM-000133,POL-000897,BOP,Retail,WA,2026-03-09,2026-04-02,24,Business Interruption,Closed,5165.96,0.0,1131.16,5165.96,6297.12
CLM-000134,POL-000902,BOP,Restaurants & Food Service,IL,2023-09-01,2023-11-04,64,Business Interruption,Closed,1460.11,0.0,216.72,1460.11,1676.83
CLM-000135,POL-000908,BOP,Contractors,IL,2026-02-23,2026-05-27,93,Water Damage,Open,14858.47,17082.14,4361.36,31940.61,36301.97
CLM-000136,POL-000921,BOP,Real Estate,WA,2026-01-21,2026-03-08,46,Water Damage,Open,135.61,499.04,65.48,634.65,700.13
CLM-000137,POL-000923,General Liability,Light Manufacturing,TX,2024-07-31,2024-11-07,99,Completed Operations,Closed,45302.89,0.0,4523.11,45302.89,49826.0
CLM-000138,POL-000928,BOP,Retail,CA,2026-02-19,2026-04-27,67,Fire,Open,734.29,1027.86,344.6,1762.15,2106.75
CLM-000139,POL-000946,BOP,Real Estate,NY,2025-01-20,2025-03-26,65,Wind/Hail,Closed - No Pay,0.0,0.0,0.0,0.0,0.0
CLM-000140,POL-000948,General Liability,Contractors,GA,2025-12-11,2025-12-17,6,Completed Operations,Open,2828.13,19599.32,3357.88,22427.45,25785.33
CLM-000141,POL-000953,BOP,Retail,TX,2025-05-01,2025-05-15,14,Theft/Burglary,Closed,3660.58,0.0,605.23,3660.58,4265.81
CLM-000142,POL-000975,General Liability,Light Manufacturing,CA,2023-07-16,2023-09-17,63,Completed Operations,Closed,42321.91,0.0,2893.73,42321.91,45215.64
CLM-000143,POL-000976,General Liability,Light Manufacturing,CA,2024-05-19,2024-06-11,23,Completed Operations,Closed,46149.36,0.0,6489.08,46149.36,52638.44
CLM-000144,POL-000981,BOP,Restaurants & Food Service,NY,2023-12-13,2023-12-14,1,Business Interruption,Closed,2346.55,0.0,378.9,2346.55,2725.45
CLM-000145,POL-000982,BOP,Light Manufacturing,IL,2025-03-22,2025-04-16,25,Water Damage,Open,7222.59,9575.85,1340.66,16798.44,18139.1
CLM-000146,POL-000999,BOP,Real Estate,TX,2025-07-11,2025-07-12,1,Business Interruption,Closed,41246.65,0.0,8810.47,41246.65,50057.12
CLM-000147,POL-000999,BOP,Real Estate,TX,2025-04-12,2025-05-28,46,Fire,Closed,4221.77,0.0,623.72,4221.77,4845.49
CLM-000148,POL-001001,BOP,Retail,CA,2023-08-23,2023-10-24,62,Water Damage,Closed,12697.53,0.0,2279.44,12697.53,14976.97
CLM-000149,POL-001006,BOP,Restaurants & Food Service,IL,2024-08-08,2024-08-15,7,Theft/Burglary,Closed,3065.99,0.0,292.52,3065.99,3358.51
CLM-000150,POL-001012,BOP,Real Estate,FL,2025-09-25,2025-10-16,21,Fire,Closed,1467.56,0.0,88.35,1467.56,1555.91
CLM-000151,POL-001024,BOP,Restaurants & Food Service,FL,2024-04-01,2024-05-10,39,Business Interruption,Closed,1863.71,0.0,335.73,1863.71,2199.44
CLM-000152,POL-001026,BOP,Restaurants & Food Service,FL,2025-12-06,2025-12-16,10,Fire,Closed,7324.62,0.0,1300.84,7324.62,8625.46
CLM-000153,POL-001037,BOP,Real Estate,TX,2024-03-03,2024-03-07,4,Wind/Hail,Open,1976.15,3327.44,1111.63,5303.59,6415.22
CLM-000154,POL-001037,BOP,Real Estate,TX,2024-07-03,2024-07-19,16,Theft/Burglary,Open,1058.01,1597.97,483.79,2655.98,3139.77
CLM-000155,POL-001046,General Liability,Restaurants & Food Service,TX,2024-01-18,2024-01-31,13,Products Liability,Closed,16016.96,0.0,3464.29,16016.96,19481.25
CLM-000156,POL-001060,BOP,Real Estate,TX,2025-08-23,2025-08-25,2,Water Damage,Closed,41220.77,0.0,6632.31,41220.77,47853.08
CLM-000157,POL-001064,BOP,Real Estate,NC,2024-08-20,2024-08-23,3,Theft/Burglary,Closed,72587.46,0.0,11332.94,72587.46,83920.4
CLM-000158,POL-001076,General Liability,Technology,IL,2024-08-30,2024-10-16,47,Completed Operations,Open,7184.55,24223.57,2356.28,31408.12,33764.4
CLM-000159,POL-001077,General Liability,Technology,IL,2026-03-15,2026-04-26,42,Products Liability,Open,6454.95,43893.75,2074.39,50348.7,52423.09
CLM-000160,POL-001085,BOP,Technology,GA,2025-05-16,2025-05-25,9,Water Damage,Open,988.09,5592.9,1114.86,6580.99,7695.85
CLM-000161,POL-001090,BOP,Restaurants & Food Service,FL,2025-11-22,2026-01-03,42,Wind/Hail,Open,3605.46,13223.32,2237.16,16828.78,19065.94
CLM-000162,POL-001093,General Liability,Retail,WA,2024-08-15,2024-09-11,27,Slip & Fall,Closed,13000.28,0.0,1392.71,13000.28,14392.99
CLM-000163,POL-001100,General Liability,Restaurants & Food Service,OH,2024-10-05,2024-12-04,60,Slip & Fall,Closed,622.98,0.0,133.86,622.98,756.84
CLM-000164,POL-001105,Professional Liability,Healthcare Services,GA,2023-04-01,2023-06-30,90,Breach of Duty,Closed,86073.93,0.0,18570.09,86073.93,104644.02
CLM-000165,POL-001121,General Liability,Light Manufacturing,CA,2024-11-11,2025-02-13,94,Completed Operations,Closed,18833.8,0.0,2253.24,18833.8,21087.04
CLM-000166,POL-001122,General Liability,Restaurants & Food Service,TX,2024-12-29,2025-02-06,39,Property Damage - 3rd Party,Open,31017.86,42384.6,12649.71,73402.46,86052.17
CLM-000167,POL-001129,Professional Liability,Professional Services,TX,2025-09-25,2025-12-21,87,Negligent Act,Open,3013.5,26652.82,2976.34,29666.32,32642.66
CLM-000168,POL-001131,BOP,Restaurants & Food Service,FL,2024-12-03,2024-12-04,1,Wind/Hail,Closed,11061.56,0.0,1350.86,11061.56,12412.42
CLM-000169,POL-001134,BOP,Restaurants & Food Service,NC,2026-02-20,2026-03-19,27,Business Interruption,Open,1132.72,1242.85,275.22,2375.57,2650.79
CLM-000170,POL-001141,General Liability,Technology,CA,2024-01-22,2024-04-10,79,Slip & Fall,Open,9328.64,62833.11,15030.94,72161.75,87192.69
CLM-000171,POL-001147,General Liability,Contractors,NC,2024-03-20,2024-05-08,49,Slip & Fall,Open,30798.83,25662.46,3846.43,56461.29,60307.72
CLM-000172,POL-001148,General Liability,Contractors,NC,2024-09-29,2024-10-29,30,Completed Operations,Open,14005.48,13632.18,3463.57,27637.66,31101.23
CLM-000173,POL-001151,Professional Liability,Professional Services,OH,2025-01-27,2025-03-21,53,Negligent Act,Open,7656.26,6383.15,1844.97,14039.41,15884.38
CLM-000174,POL-001154,General Liability,Contractors,TX,2024-02-18,2024-04-08,50,Property Damage - 3rd Party,Closed,15772.58,0.0,2092.31,15772.58,17864.89
CLM-000175,POL-001159,General Liability,Contractors,CA,2026-03-04,2026-03-16,12,Personal & Advertising Injury,Open,1030.9,2621.6,624.96,3652.5,4277.46
CLM-000176,POL-001161,BOP,Retail,WA,2025-07-16,2025-08-24,39,Wind/Hail,Closed,4557.33,0.0,692.48,4557.33,5249.81
CLM-000177,POL-001166,General Liability,Contractors,FL,2024-12-24,2025-01-30,37,Completed Operations,Closed,247330.5,0.0,53412.75,247330.5,300743.25
CLM-000178,POL-001167,General Liability,Contractors,FL,2025-12-18,2026-01-07,20,Personal & Advertising Injury,Open,1405.54,4145.79,805.19,5551.33,6356.52
CLM-000179,POL-001170,General Liability,Light Manufacturing,FL,2024-10-26,2025-05-03,189,Completed Operations,Closed,121980.68,0.0,19035.06,121980.68,141015.74
CLM-000180,POL-001175,BOP,Retail,NY,2025-04-29,2025-05-16,17,Fire,Open,619.75,3206.52,779.38,3826.27,4605.65
CLM-000181,POL-001178,General Liability,Real Estate,IL,2023-10-03,2023-11-30,58,Completed Operations,Closed - No Pay,0.0,0.0,0.0,0.0,0.0
CLM-000182,POL-001187,BOP,Retail,CA,2023-08-02,2023-09-09,38,Theft/Burglary,Closed,4322.0,0.0,276.24,4322.0,4598.24
CLM-000183,POL-001188,BOP,Retail,CA,2024-07-26,2024-07-30,4,Slip & Fall,Closed,5221.89,0.0,704.06,5221.89,5925.95
CLM-000184,POL-001191,BOP,Restaurants & Food Service,TX,2025-07-22,2025-07-30,8,Slip & Fall,Open,2899.48,10624.07,1668.18,13523.55,15191.73
CLM-000185,POL-001195,General Liability,Retail,TX,2024-02-14,2024-05-24,100,Products Liability,Closed,23961.66,0.0,3287.97,23961.66,27249.63
CLM-000186,POL-001197,General Liability,Retail,TX,2025-06-11,2025-08-03,53,Products Liability,Open,698.77,6199.18,388.91,6897.95,7286.86
CLM-000187,POL-001202,BOP,Real Estate,NY,2025-11-10,2025-11-23,13,Water Damage,Open,8024.56,24210.57,4488.69,32235.13,36723.82
CLM-000188,POL-001206,Professional Liability,Healthcare Services,AZ,2025-08-18,2025-12-31,135,Failure to Deliver,Open,8773.99,18736.62,5636.19,27510.61,33146.8
CLM-000189,POL-001212,BOP,Light Manufacturing,CA,2024-01-12,2024-03-01,49,Slip & Fall,Closed,4563.07,0.0,424.8,4563.07,4987.87
CLM-000190,POL-001218,BOP,Real Estate,NY,2025-11-17,2025-12-12,25,Business Interruption,Open,2299.89,1979.99,436.71,4279.88,4716.59
CLM-000191,POL-001246,BOP,Contractors,CA,2024-04-24,2024-04-29,5,Water Damage,Closed,9477.95,0.0,1994.29,9477.95,11472.24
CLM-000192,POL-001248,BOP,Retail,AZ,2025-03-28,2025-04-15,18,Business Interruption,Closed,9646.91,0.0,1875.3,9646.91,11522.21
CLM-000193,POL-001261,Professional Liability,Healthcare Services,GA,2024-10-06,2025-12-17,437,Regulatory Proceeding,Open,15470.81,84766.64,11946.33,100237.45,112183.78
CLM-000194,POL-001274,General Liability,Light Manufacturing,CA,2026-06-15,2026-06-28,13,Completed Operations,Open,906.88,4189.11,660.03,5095.99,5756.02
CLM-000195,POL-001289,BOP,Contractors,FL,2024-11-01,2024-11-12,11,Wind/Hail,Closed - No Pay,0.0,0.0,0.0,0.0,0.0
CLM-000196,POL-001325,Professional Liability,Professional Services,AZ,2025-07-19,2025-11-27,131,Negligent Act,Open,6164.87,11794.59,3550.57,17959.46,21510.03
CLM-000197,POL-001334,BOP,Restaurants & Food Service,OH,2026-05-26,2026-05-26,0,Fire,Open,2251.52,4826.2,799.04,7077.72,7876.76
CLM-000198,POL-001339,BOP,Restaurants & Food Service,TX,2025-05-25,2025-08-08,75,Theft/Burglary,Open,1399.15,2935.7,377.12,4334.85,4711.97
CLM-000199,POL-001343,Professional Liability,Healthcare Services,IL,2025-04-25,2025-09-26,154,Failure to Deliver,Open,9600.86,63691.22,15490.46,73292.08,88782.54
CLM-000200,POL-001346,BOP,Restaurants & Food Service,OH,2025-03-30,2025-04-19,20,Wind/Hail,Closed,12803.17,0.0,687.33,12803.17,13490.5
CLM-000201,POL-001348,BOP,Restaurants & Food Service,OH,2026-06-11,2026-06-18,7,Water Damage,Open,811.1,11033.63,686.2,11844.73,12530.93
CLM-000202,POL-001352,Professional Liability,Retail,WA,2024-08-04,2025-06-17,317,Misrepresentation,Closed - No Pay,0.0,0.0,0.0,0.0,0.0
CLM-000203,POL-001365,BOP,Healthcare Services,FL,2025-11-06,2026-01-02,57,Wind/Hail,Open,7800.33,36354.07,5365.85,44154.4,49520.25
CLM-000204,POL-001374,Professional Liability,Professional Services,CA,2025-07-29,2025-09-12,45,Negligent Act,Open,9608.66,72460.03,4825.26,82068.69,86893.95
CLM-000205,POL-001377,BOP,Restaurants & Food Service,FL,2025-01-24,2025-03-31,66,Theft/Burglary,Closed,35555.83,0.0,4428.5,35555.83,39984.33
CLM-000206,POL-001388,BOP,Contractors,NY,2026-01-30,2026-02-03,4,Wind/Hail,Open,750.39,12374.83,688.33,13125.22,13813.55
CLM-000207,POL-001397,General Liability,Restaurants & Food Service,IL,2024-01-28,2024-05-12,105,Slip & Fall,Closed,58451.72,0.0,7163.22,58451.72,65614.94
CLM-000208,POL-001400,BOP,Restaurants & Food Service,WA,2024-04-04,2024-04-26,22,Business Interruption,Open,1855.05,1772.4,423.97,3627.45,4051.42
CLM-000209,POL-001401,BOP,Restaurants & Food Service,WA,2025-03-26,2025-03-31,5,Fire,Open,497.93,2327.6,492.89,2825.53,3318.42
CLM-000210,POL-001403,General Liability,Real Estate,CA,2025-12-05,2026-06-22,199,Completed Operations,Open,18994.32,17951.71,6941.59,36946.03,43887.62
CLM-000211,POL-001405,BOP,Restaurants & Food Service,FL,2024-05-14,2024-07-28,75,Water Damage,Open,748.2,2208.54,195.46,2956.74,3152.2
CLM-000212,POL-001414,BOP,Professional Services,NY,2025-11-24,2025-12-15,21,Water Damage,Open,2014.42,7422.12,927.67,9436.54,10364.21
CLM-000213,POL-001415,BOP,Retail,OH,2023-11-23,2023-12-09,16,Business Interruption,Closed,6809.42,0.0,383.92,6809.42,7193.34
CLM-000214,POL-001419,Professional Liability,Retail,AZ,2024-04-18,2024-07-21,94,Failure to Deliver,Open,31933.05,82631.19,9857.59,114564.24,124421.83
CLM-000215,POL-001422,General Liability,Contractors,NY,2024-02-16,2024-03-01,14,Slip & Fall,Open,1047.11,1820.7,454.87,2867.81,3322.68
CLM-000216,POL-001426,General Liability,Real Estate,TX,2025-05-13,2026-04-07,329,Completed Operations,Closed,10404.19,0.0,608.04,10404.19,11012.23
CLM-000217,POL-001430,BOP,Real Estate,TX,2025-07-19,2025-07-26,7,Slip & Fall,Open,243.39,414.64,132.19,658.03,790.22
CLM-000218,POL-001436,BOP,Real Estate,IL,2024-12-27,2025-02-10,45,Water Damage,Closed,4887.91,0.0,211.04,4887.91,5098.95
CLM-000219,POL-001462,BOP,Restaurants & Food Service,GA,2025-08-29,2025-09-04,6,Water Damage,Closed,3575.36,0.0,633.11,3575.36,4208.47
CLM-000220,POL-001464,BOP,Restaurants & Food Service,IL,2025-06-25,2025-07-06,11,Theft/Burglary,Closed,2450.29,0.0,300.66,2450.29,2750.95
CLM-000221,POL-001495,BOP,Retail,AZ,2024-07-10,2024-09-19,71,Theft/Burglary,Closed,26293.44,0.0,2771.65,26293.44,29065.09
CLM-000222,POL-001504,General Liability,Contractors,GA,2025-03-21,2025-04-24,34,Products Liability,Open,40324.69,50899.83,14856.44,91224.52,106080.96
CLM-000223,POL-001515,General Liability,Real Estate,TX,2023-05-28,2023-06-25,28,Property Damage - 3rd Party,Closed,6358.68,0.0,855.14,6358.68,7213.82
CLM-000224,POL-001520,BOP,Contractors,NC,2025-07-31,2025-08-07,7,Business Interruption,Closed,2578.45,0.0,298.11,2578.45,2876.56
CLM-000225,POL-001537,BOP,Professional Services,GA,2025-10-01,2025-10-20,19,Slip & Fall,Closed,19016.24,0.0,2786.44,19016.24,21802.68
CLM-000226,POL-001561,BOP,Retail,IL,2024-09-25,2024-10-08,13,Wind/Hail,Open,1449.08,1744.27,531.67,3193.35,3725.02
CLM-000227,POL-001568,General Liability,Light Manufacturing,AZ,2024-03-04,2024-04-09,36,Personal & Advertising Injury,Closed,41413.92,0.0,6904.58,41413.92,48318.5
CLM-000228,POL-001574,Professional Liability,Professional Services,CA,2026-02-02,2026-02-13,11,Failure to Deliver,Closed - No Pay,0.0,0.0,0.0,0.0,0.0
CLM-000229,POL-001595,BOP,Restaurants & Food Service,NY,2024-12-28,2025-03-19,81,Water Damage,Closed,22677.39,0.0,4487.22,22677.39,27164.61
CLM-000230,POL-001607,General Liability,Light Manufacturing,WA,2024-07-24,2024-07-30,6,Personal & Advertising Injury,Closed,20183.88,0.0,3156.53,20183.88,23340.41
CLM-000231,POL-001609,BOP,Restaurants & Food Service,TX,2023-11-22,2023-12-10,18,Water Damage,Closed,6686.48,0.0,1241.78,6686.48,7928.26
CLM-000232,POL-001614,BOP,Retail,FL,2026-04-13,2026-05-11,28,Slip & Fall,Open,19972.13,17126.2,5941.84,37098.33,43040.17
CLM-000233,POL-001616,BOP,Professional Services,CA,2025-02-17,2025-06-23,126,Theft/Burglary,Open,35451.66,39333.38,3462.64,74785.04,78247.68
CLM-000234,POL-001634,BOP,Healthcare Services,IL,2025-07-07,2025-07-08,1,Slip & Fall,Open,2614.85,7854.09,1908.67,10468.94,12377.61
CLM-000235,POL-001635,BOP,Real Estate,AZ,2024-06-24,2024-07-22,28,Fire,Closed,7742.85,0.0,1006.21,7742.85,8749.06
CLM-000236,POL-001640,General Liability,Contractors,FL,2024-08-29,2024-10-18,50,Property Damage - 3rd Party,Open,12228.82,15279.34,2991.05,27508.16,30499.21
CLM-000237,POL-001645,BOP,Healthcare Services,FL,2024-08-06,2024-10-01,56,Business Interruption,Closed - No Pay,0.0,0.0,0.0,0.0,0.0
CLM-000238,POL-001694,General Liability,Contractors,IL,2024-05-18,2024-08-28,102,Personal & Advertising Injury,Closed,189310.81,0.0,35899.06,189310.81,225209.87
CLM-000239,POL-001695,General Liability,Contractors,IL,2025-01-02,2025-01-14,12,Property Damage - 3rd Party,Open,9553.39,19221.25,2988.05,28774.64,31762.69
CLM-000240,POL-001711,Professional Liability,Real Estate,IL,2025-01-13,2026-03-02,413,Breach of Duty,Open,99488.33,391075.12,86178.9,490563.45,576742.35
CLM-000241,POL-001728,General Liability,Light Manufacturing,NY,2024-01-09,2024-02-10,32,Products Liability,Closed,73503.47,0.0,10365.49,73503.47,83868.96
CLM-000242,POL-001730,General Liability,Contractors,TX,2025-03-05,2025-08-28,176,Products Liability,Open,26502.24,36998.33,5881.35,63500.57,69381.92
CLM-000243,POL-001743,General Liability,Light Manufacturing,CA,2025-08-24,2026-01-21,150,Slip & Fall,Open,1055.66,10044.91,1431.05,11100.57,12531.62
CLM-000244,POL-001754,General Liability,Real Estate,CA,2025-01-31,2025-07-09,159,Property Damage - 3rd Party,Closed,23989.07,0.0,1773.32,23989.07,25762.39
CLM-000245,POL-001757,General Liability,Retail,NC,2023-04-17,2023-07-27,101,Products Liability,Closed,92576.91,0.0,8671.39,92576.91,101248.3
CLM-000246,POL-001762,General Liability,Restaurants & Food Service,OH,2024-08-12,2024-09-10,29,Products Liability,Closed,3068.26,0.0,393.57,3068.26,3461.83
CLM-000247,POL-001770,General Liability,Contractors,GA,2025-04-22,2025-06-08,47,Property Damage - 3rd Party,Open,8175.09,14115.13,4350.62,22290.22,26640.84
CLM-000248,POL-001778,General Liability,Contractors,IL,2023-06-30,2023-07-23,23,Completed Operations,Closed,27346.32,0.0,3394.92,27346.32,30741.24
CLM-000249,POL-001795,General Liability,Contractors,GA,2026-02-25,2026-04-29,63,Slip & Fall,Open,17002.48,33929.58,3278.65,50932.06,54210.71
CLM-000250,POL-001798,General Liability,Retail,OH,2025-05-22,2025-07-01,40,Slip & Fall,Closed,16280.77,0.0,2651.19,16280.77,18931.96
CLM-000251,POL-001812,Professional Liability,Healthcare Services,WA,2025-04-30,2026-03-06,310,Regulatory Proceeding,Open,11761.56,71287.89,11426.33,83049.45,94475.78
CLM-000252,POL-001813,BOP,Retail,NC,2025-11-13,2025-12-02,19,Water Damage,Closed,4223.09,0.0,381.5,4223.09,4604.59
CLM-000253,POL-001819,General Liability,Contractors,NY,2025-07-06,2025-07-13,7,Completed Operations,Closed,7255.35,0.0,1134.14,7255.35,8389.49
CLM-000254,POL-001822,General Liability,Retail,NY,2024-11-07,2024-12-08,31,Personal & Advertising Injury,Open,6389.03,5921.34,1638.35,12310.37,13948.72
CLM-000255,POL-001833,General Liability,Real Estate,OH,2025-06-29,2025-07-14,15,Property Damage - 3rd Party,Closed - No Pay,0.0,0.0,0.0,0.0,0.0
CLM-000256,POL-001834,General Liability,Real Estate,OH,2026-06-12,2026-06-15,3,Property Damage - 3rd Party,Closed,30589.62,0.0,4023.01,30589.62,34612.63
CLM-000257,POL-001844,General Liability,Technology,CA,2025-08-10,2025-12-15,127,Property Damage - 3rd Party,Open,34079.47,35245.2,8662.41,69324.67,77987.08
CLM-000258,POL-001864,BOP,Professional Services,NY,2024-02-18,2024-04-05,47,Fire,Open,3018.19,4100.03,1517.83,7118.22,8636.05
CLM-000259,POL-001868,General Liability,Light Manufacturing,NC,2025-01-07,2025-07-22,196,Property Damage - 3rd Party,Open,1911.01,6371.77,1159.37,8282.78,9442.15
CLM-000260,POL-001869,General Liability,Light Manufacturing,NC,2026-04-04,2026-05-22,48,Personal & Advertising Injury,Open,57455.46,158834.77,28044.34,216290.23,244334.57
CLM-000261,POL-001871,General Liability,Technology,WA,2024-10-15,2025-01-07,84,Completed Operations,Closed,732600.3,0.0,64242.5,732600.3,796842.8
CLM-000262,POL-001873,General Liability,Professional Services,NY,2024-09-05,2024-11-08,64,Property Damage - 3rd Party,Open,7970.39,13267.12,1007.24,21237.51,22244.75
CLM-000263,POL-001877,Professional Liability,Healthcare Services,GA,2024-06-12,2025-11-29,535,Misrepresentation,Closed,44923.32,0.0,7156.33,44923.32,52079.65
CLM-000264,POL-001891,BOP,Light Manufacturing,TX,2025-08-13,2025-08-17,4,Water Damage,Open,3516.95,8990.94,1048.15,12507.89,13556.04
CLM-000265,POL-001905,BOP,Light Manufacturing,NC,2025-03-05,2025-04-02,28,Fire,Closed - No Pay,0.0,0.0,0.0,0.0,0.0
CLM-000266,POL-001918,General Liability,Retail,TX,2025-09-13,2025-10-21,38,Slip & Fall,Open,3033.57,15987.36,1943.68,19020.93,20964.61
CLM-000267,POL-001921,General Liability,Contractors,CA,2025-04-30,2025-09-09,132,Personal & Advertising Injury,Closed - No Pay,0.0,0.0,0.0,0.0,0.0
CLM-000268,POL-001928,Professional Liability,Professional Services,IL,2023-12-21,2024-03-28,98,Misrepresentation,Closed,102488.65,0.0,14819.73,102488.65,117308.38
CLM-000269,POL-001937,BOP,Light Manufacturing,NC,2025-12-21,2025-12-25,4,Theft/Burglary,Open,1067.13,2670.67,790.99,3737.8,4528.79
CLM-000270,POL-001944,General Liability,Contractors,WA,2025-08-02,2025-12-29,149,Products Liability,Open,26309.35,82599.3,6815.78,108908.65,115724.43
CLM-000271,POL-001945,General Liability,Contractors,IL,2026-01-17,2026-05-29,132,Completed Operations,Open,8184.29,8392.65,1078.29,16576.94,17655.23
CLM-000272,POL-001948,BOP,Professional Services,NC,2023-12-29,2024-01-16,18,Fire,Open,3040.38,7610.77,2141.33,10651.15,12792.48
CLM-000273,POL-001950,BOP,Restaurants & Food Service,OH,2025-11-25,2026-01-01,37,Wind/Hail,Open,5573.19,7532.45,1687.97,13105.64,14793.61
CLM-000274,POL-001969,General Liability,Contractors,TX,2024-05-07,2024-06-30,54,Personal & Advertising Injury,Closed,34153.87,0.0,3390.81,34153.87,37544.68
CLM-000275,POL-001974,Professional Liability,Healthcare Services,NC,2025-02-19,2025-04-24,64,Negligent Act,Closed,36826.55,0.0,6235.09,36826.55,43061.64
CLM-000276,POL-001994,BOP,Retail,FL,2026-04-19,2026-04-20,1,Wind/Hail,Open,2950.7,13526.93,1331.29,16477.63,17808.92
CLM-000277,POL-001996,BOP,Contractors,NY,2023-02-18,2023-02-19,1,Theft/Burglary,Closed,46514.56,0.0,3088.89,46514.56,49603.45
CLM-000278,POL-001999,BOP,Restaurants & Food Service,CA,2024-04-06,2024-04-26,20,Business Interruption,Closed,25063.52,0.0,1380.49,25063.52,26444.01
CLM-000279,POL-002000,BOP,Restaurants & Food Service,CA,2025-07-17,2025-07-26,9,Fire,Closed,907.74,0.0,120.8,907.74,1028.54
CLM-000280,POL-002000,BOP,Restaurants & Food Service,CA,2024-09-15,2024-10-01,16,Fire,Closed,887.8,0.0,55.71,887.8,943.51
CLM-000281,POL-002036,General Liability,Retail,NC,2024-04-08,2024-07-28,111,Completed Operations,Closed,3419.78,0.0,304.84,3419.78,3724.62
CLM-000282,POL-002044,BOP,Restaurants & Food Service,CA,2025-03-14,2025-04-30,47,Business Interruption,Open,607.04,632.55,173.58,1239.59,1413.17
CLM-000283,POL-002059,General Liability,Restaurants & Food Service,TX,2025-02-24,2025-03-08,12,Completed Operations,Closed,9257.25,0.0,1231.03,9257.25,10488.28
CLM-000284,POL-002065,General Liability,Contractors,WA,2023-04-11,2023-04-21,10,Products Liability,Closed,11933.63,0.0,531.09,11933.63,12464.72
CLM-000285,POL-002070,General Liability,Contractors,NY,2025-05-12,2025-05-20,8,Products Liability,Closed,47163.99,0.0,7332.13,47163.99,54496.12
CLM-000286,POL-002070,General Liability,Contractors,NY,2025-04-22,2025-06-14,53,Completed Operations,Open,31159.43,57821.71,16755.22,88981.14,105736.36
CLM-000287,POL-002072,Professional Liability,Technology,GA,2024-09-22,2024-10-18,26,Negligent Act,Closed - No Pay,0.0,0.0,0.0,0.0,0.0
CLM-000288,POL-002076,BOP,Light Manufacturing,FL,2023-12-06,2023-12-20,14,Fire,Closed - No Pay,0.0,0.0,0.0,0.0,0.0
CLM-000289,POL-002077,BOP,Light Manufacturing,FL,2024-12-29,2025-01-15,17,Slip & Fall,Closed,3901.93,0.0,817.65,3901.93,4719.58
CLM-000290,POL-002077,BOP,Light Manufacturing,FL,2025-01-07,2025-04-15,98,Water Damage,Open,728.48,3346.68,613.22,4075.16,4688.38
CLM-000291,POL-002078,BOP,Light Manufacturing,FL,2026-01-02,2026-01-31,29,Theft/Burglary,Open,3260.75,7823.14,667.86,11083.89,11751.75
CLM-000292,POL-002095,General Liability,Contractors,FL,2025-08-29,2025-10-12,44,Completed Operations,Open,27742.26,31599.27,6118.02,59341.53,65459.55
CLM-000293,POL-002101,BOP,Real Estate,WA,2026-02-11,2026-02-20,9,Slip & Fall,Closed,1917.75,0.0,252.34,1917.75,2170.09
CLM-000294,POL-002104,General Liability,Contractors,AZ,2024-04-04,2024-12-19,259,Completed Operations,Open,14841.22,18398.95,5688.97,33240.17,38929.14
CLM-000295,POL-002105,General Liability,Contractors,AZ,2025-03-21,2025-05-12,52,Personal & Advertising Injury,Closed,84621.16,0.0,11976.46,84621.16,96597.62
CLM-000296,POL-002108,General Liability,Light Manufacturing,FL,2025-03-07,2025-07-09,124,Completed Operations,Closed,17635.23,0.0,3498.7,17635.23,21133.93
CLM-000297,POL-002110,General Liability,Light Manufacturing,FL,2026-05-13,2026-05-27,14,Completed Operations,Closed - No Pay,0.0,0.0,0.0,0.0,0.0
CLM-000298,POL-002111,BOP,Restaurants & Food Service,CA,2023-12-12,2024-01-25,44,Theft/Burglary,Closed,15332.06,0.0,867.26,15332.06,16199.32
CLM-000299,POL-002112,BOP,Restaurants & Food Service,CA,2025-05-03,2025-05-15,12,Fire,Closed,13460.27,0.0,2907.67,13460.27,16367.94
CLM-000300,POL-002114,General Liability,Retail,OH,2024-12-12,2025-01-04,23,Slip & Fall,Closed,6613.85,0.0,307.18,6613.85,6921.03
CLM-000301,POL-002123,Professional Liability,Light Manufacturing,OH,2024-06-16,2024-11-20,157,Regulatory Proceeding,Closed,106363.42,0.0,11746.25,106363.42,118109.67
CLM-000302,POL-002126,Professional Liability,Technology,CA,2023-10-11,2024-04-26,198,Breach of Duty,Open,22387.37,38168.16,4514.04,60555.53,65069.57
CLM-000303,POL-002138,General Liability,Contractors,NC,2026-02-08,2026-03-31,51,Personal & Advertising Injury,Closed,64180.8,0.0,5559.29,64180.8,69740.09
CLM-000304,POL-002140,BOP,Restaurants & Food Service,CA,2024-12-29,2025-01-04,6,Fire,Closed,3030.9,0.0,175.51,3030.9,3206.41
CLM-000305,POL-002143,Professional Liability,Technology,CA,2025-01-26,2025-02-03,8,Breach of Duty,Closed,21367.23,0.0,1278.7,21367.23,22645.93
CLM-000306,POL-002156,General Liability,Professional Services,IL,2024-02-10,2024-02-11,1,Slip & Fall,Closed,81657.06,0.0,8101.41,81657.06,89758.47
CLM-000307,POL-002171,General Liability,Light Manufacturing,IL,2025-07-14,2025-12-01,140,Slip & Fall,Closed,65575.93,0.0,6865.77,65575.93,72441.7
CLM-000308,POL-002180,Professional Liability,Restaurants & Food Service,TX,2023-06-24,2024-02-15,236,Negligent Act,Closed,2327.92,0.0,300.42,2327.92,2628.34
CLM-000309,POL-002192,BOP,Real Estate,IL,2026-01-28,2026-03-09,40,Fire,Closed,38083.75,0.0,2630.96,38083.75,40714.71
CLM-000310,POL-002222,General Liability,Real Estate,AZ,2024-12-22,2024-12-30,8,Completed Operations,Open,12515.43,98664.12,8487.26,111179.55,119666.81
CLM-000311,POL-002226,BOP,Real Estate,FL,2025-04-16,2025-05-04,18,Business Interruption,Open,6327.53,7715.41,2203.05,14042.94,16245.99
CLM-000312,POL-002235,BOP,Retail,NY,2023-08-19,2023-09-29,41,Theft/Burglary,Open,480.67,5910.03,501.75,6390.7,6892.45
CLM-000313,POL-002247,General Liability,Restaurants & Food Service,NY,2026-02-17,2026-04-10,52,Property Damage - 3rd Party,Closed,1448.75,0.0,111.67,1448.75,1560.42
CLM-000314,POL-002262,General Liability,Retail,OH,2026-05-07,2026-05-17,10,Property Damage - 3rd Party,Open,1677.29,7292.96,537.12,8970.25,9507.37
CLM-000315,POL-002269,BOP,Retail,AZ,2024-12-06,2024-12-08,2,Fire,Closed,9839.06,0.0,1996.85,9839.06,11835.91
CLM-000316,POL-002277,General Liability,Contractors,NY,2026-05-14,2026-05-27,13,Products Liability,Open,467.51,8147.96,1554.44,8615.47,10169.91
CLM-000317,POL-002279,BOP,Technology,CA,2024-08-30,2024-09-01,2,Theft/Burglary,Closed,6714.21,0.0,540.45,6714.21,7254.66
CLM-000318,POL-002296,General Liability,Professional Services,IL,2024-07-06,2024-08-15,40,Personal & Advertising Injury,Closed,27103.59,0.0,1430.27,27103.59,28533.86
CLM-000319,POL-002302,BOP,Real Estate,NY,2026-01-16,2026-03-12,55,Slip & Fall,Open,1040.59,13204.49,2963.67,14245.08,17208.75
CLM-000320,POL-002309,General Liability,Contractors,AZ,2025-08-27,2025-10-09,43,Personal & Advertising Injury,Open,33740.01,56531.68,17773.57,90271.69,108045.26
CLM-000321,POL-002309,General Liability,Contractors,AZ,2025-12-29,2026-06-17,170,Personal & Advertising Injury,Open,3739.34,3916.67,1302.58,7656.01,8958.59
CLM-000322,POL-002312,BOP,Retail,CA,2024-03-02,2024-04-10,39,Business Interruption,Closed,24150.47,0.0,1114.63,24150.47,25265.1
CLM-000323,POL-002313,BOP,Retail,CA,2024-12-21,2024-12-23,2,Business Interruption,Closed,2628.1,0.0,452.98,2628.1,3081.08
CLM-000324,POL-002322,General Liability,Real Estate,AZ,2023-10-01,2023-11-18,48,Completed Operations,Closed,28372.57,0.0,1915.68,28372.57,30288.25
CLM-000325,POL-002336,BOP,Restaurants & Food Service,GA,2026-02-02,2026-05-07,94,Wind/Hail,Open,21304.32,29274.68,4064.64,50579.0,54643.64
CLM-000326,POL-002343,General Liability,Restaurants & Food Service,IL,2025-05-04,2025-06-17,44,Completed Operations,Open,5201.14,10210.08,1828.45,15411.22,17239.67
CLM-000327,POL-002344,General Liability,Restaurants & Food Service,IL,2026-02-19,2026-06-29,130,Personal & Advertising Injury,Open,10932.96,24954.34,2797.48,35887.3,38684.78
CLM-000328,POL-002369,BOP,Contractors,GA,2025-09-04,2025-11-10,67,Water Damage,Open,1235.47,2531.24,632.16,3766.71,4398.87
CLM-000329,POL-002369,BOP,Contractors,GA,2025-10-30,2025-11-05,6,Water Damage,Closed,3151.77,0.0,270.46,3151.77,3422.23
CLM-000330,POL-002372,General Liability,Contractors,IL,2025-09-21,2025-11-08,48,Products Liability,Closed - No Pay,0.0,0.0,0.0,0.0,0.0
CLM-000331,POL-002373,General Liability,Contractors,IL,2026-05-04,2026-05-28,24,Products Liability,Open,61236.44,363933.08,44422.1,425169.52,469591.62
CLM-000332,POL-002380,BOP,Retail,FL,2025-09-11,2025-09-28,17,Fire,Closed,16675.28,0.0,1927.0,16675.28,18602.28
CLM-000333,POL-002382,BOP,Real Estate,FL,2024-01-07,2024-02-06,30,Wind/Hail,Closed,12771.4,0.0,1877.94,12771.4,14649.34
CLM-000334,POL-002386,General Liability,Light Manufacturing,CA,2024-04-21,2024-04-29,8,Completed Operations,Closed,26258.03,0.0,3851.67,26258.03,30109.7
CLM-000335,POL-002393,General Liability,Contractors,IL,2024-08-11,2025-07-02,325,Completed Operations,Open,58668.8,51816.01,14076.82,110484.81,124561.63
CLM-000336,POL-002403,BOP,Contractors,IL,2023-11-26,2023-12-05,9,Water Damage,Closed,33423.23,0.0,2438.59,33423.23,35861.82
CLM-000337,POL-002404,BOP,Contractors,IL,2025-09-08,2025-09-09,1,Water Damage,Open,41853.89,44259.62,4796.54,86113.51,90910.05
CLM-000338,POL-002419,Professional Liability,Healthcare Services,CA,2024-06-29,2024-08-08,40,Regulatory Proceeding,Closed,33361.23,0.0,3785.41,33361.23,37146.64
CLM-000339,POL-002419,Professional Liability,Healthcare Services,CA,2024-08-17,2025-06-30,317,Breach of Duty,Open,5813.39,5873.3,1087.05,11686.69,12773.74
CLM-000340,POL-002424,BOP,Professional Services,WA,2025-04-10,2025-04-10,0,Wind/Hail,Closed,3314.62,0.0,230.83,3314.62,3545.45
CLM-000341,POL-002427,BOP,Retail,TX,2025-08-17,2025-08-17,0,Slip & Fall,Open,2629.36,5980.34,1857.57,8609.7,10467.27
CLM-000342,POL-002428,BOP,Retail,TX,2026-06-05,2026-06-30,25,Slip & Fall,Open,8597.17,12137.09,1818.39,20734.26,22552.65
CLM-000343,POL-002431,BOP,Light Manufacturing,WA,2025-03-12,2025-03-15,3,Water Damage,Closed,3898.46,0.0,821.07,3898.46,4719.53
CLM-000344,POL-002434,BOP,Technology,GA,2026-06-07,2026-06-15,8,Business Interruption,Open,733.28,4070.53,241.25,4803.81,5045.06
CLM-000345,POL-002442,General Liability,Light Manufacturing,GA,2026-01-10,2026-05-24,134,Slip & Fall,Open,19662.44,149913.41,36669.07,169575.85,206244.92
CLM-000346,POL-002444,General Liability,Light Manufacturing,NC,2025-05-11,2026-03-05,298,Personal & Advertising Injury,Open,2928.73,33587.01,7719.41,36515.74,44235.15
CLM-000347,POL-002447,General Liability,Light Manufacturing,TX,2026-02-23,2026-04-30,66,Property Damage - 3rd Party,Closed,2128.06,0.0,214.6,2128.06,2342.66
CLM-000348,POL-002462,BOP,Contractors,NC,2024-11-21,2024-12-04,13,Theft/Burglary,Open,5273.45,5117.8,1902.74,10391.25,12293.99
CLM-000349,POL-002480,General Liability,Contractors,NY,2023-12-08,2024-08-21,257,Products Liability,Closed,25812.08,0.0,3553.89,25812.08,29365.97
CLM-000350,POL-002480,General Liability,Contractors,NY,2023-12-04,2024-04-02,120,Slip & Fall,Closed,3239.98,0.0,572.28,3239.98,3812.26
CLM-000351,POL-002480,General Liability,Contractors,NY,2024-04-16,2024-07-05,80,Property Damage - 3rd Party,Closed,284271.06,0.0,12042.76,284271.06,296313.82
CLM-000352,POL-002482,General Liability,Contractors,NY,2026-03-08,2026-04-16,39,Completed Operations,Open,8630.16,21538.8,6145.34,30168.96,36314.3
CLM-000353,POL-002502,General Liability,Professional Services,TX,2025-11-04,2025-12-02,28,Slip & Fall,Open,25558.51,56410.73,16519.61,81969.24,98488.85
CLM-000354,POL-002520,General Liability,Light Manufacturing,NC,2024-03-11,2024-04-09,29,Products Liability,Open,873.79,2917.52,767.81,3791.31,4559.12
CLM-000355,POL-002526,BOP,Contractors,GA,2023-08-25,2023-10-11,47,Water Damage,Closed,5521.9,0.0,227.47,5521.9,5749.37
CLM-000356,POL-002526,BOP,Contractors,GA,2023-05-01,2023-05-03,2,Business Interruption,Closed - No Pay,0.0,0.0,0.0,0.0,0.0
CLM-000357,POL-002526,BOP,Contractors,GA,2023-10-04,2023-10-10,6,Theft/Burglary,Closed - No Pay,0.0,0.0,0.0,0.0,0.0
CLM-000358,POL-002547,General Liability,Contractors,OH,2024-12-20,2025-05-09,140,Personal & Advertising Injury,Closed,13614.91,0.0,1087.95,13614.91,14702.86
CLM-000359,POL-002547,General Liability,Contractors,OH,2025-04-14,2025-05-27,43,Property Damage - 3rd Party,Closed,12014.71,0.0,1002.01,12014.71,13016.72
CLM-000360,POL-002548,General Liability,Contractors,OH,2026-03-15,2026-03-19,4,Personal & Advertising Injury,Closed,12268.27,0.0,1976.19,12268.27,14244.46
CLM-000361,POL-002569,General Liability,Restaurants & Food Service,CA,2024-09-06,2024-10-05,29,Personal & Advertising Injury,Closed - No Pay,0.0,0.0,0.0,0.0,0.0
CLM-000362,POL-002570,General Liability,Restaurants & Food Service,CA,2025-11-25,2025-12-21,26,Property Damage - 3rd Party,Open,1399.67,9733.03,1438.13,11132.7,12570.83
CLM-000363,POL-002571,General Liability,Healthcare Services,NC,2024-09-08,2024-09-27,19,Completed Operations,Closed,41728.12,0.0,2029.17,41728.12,43757.29
CLM-000364,POL-002574,Professional Liability,Technology,NC,2025-10-19,2025-11-01,13,Breach of Duty,Closed,3095.99,0.0,597.07,3095.99,3693.06
CLM-000365,POL-002580,General Liability,Contractors,WA,2025-12-29,2026-01-09,11,Slip & Fall,Closed - No Pay,0.0,0.0,0.0,0.0,0.0
CLM-000366,POL-002595,BOP,Real Estate,AZ,2025-02-08,2025-02-21,13,Water Damage,Open,734.04,1394.75,299.45,2128.79,2428.24
CLM-000367,POL-002596,BOP,Real Estate,AZ,2026-03-11,2026-04-21,41,Business Interruption,Closed,1355.1,0.0,99.16,1355.1,1454.26
CLM-000368,POL-002597,BOP,Retail,GA,2025-10-16,2025-10-21,5,Wind/Hail,Closed,2888.73,0.0,442.98,2888.73,3331.71
CLM-000369,POL-002602,Professional Liability,Healthcare Services,TX,2023-03-17,2024-02-19,339,Breach of Duty,Closed - No Pay,0.0,0.0,0.0,0.0,0.0
CLM-000370,POL-002605,Professional Liability,Healthcare Services,TX,2026-04-05,2026-05-24,49,Misrepresentation,Open,13977.5,89160.92,18011.08,103138.42,121149.5
CLM-000371,POL-002617,BOP,Restaurants & Food Service,CA,2024-11-09,2024-11-17,8,Theft/Burglary,Closed,17870.95,0.0,783.43,17870.95,18654.38
CLM-000372,POL-002617,BOP,Restaurants & Food Service,CA,2024-09-10,2024-09-21,11,Theft/Burglary,Open,1462.12,2898.01,365.95,4360.13,4726.08
CLM-000373,POL-002627,BOP,Retail,WA,2025-05-09,2025-05-15,6,Slip & Fall,Closed,5756.79,0.0,588.28,5756.79,6345.07
CLM-000374,POL-002628,BOP,Restaurants & Food Service,OH,2024-06-07,2024-08-01,55,Theft/Burglary,Closed,5093.2,0.0,911.57,5093.2,6004.77
CLM-000375,POL-002645,BOP,Light Manufacturing,IL,2024-01-12,2024-01-24,12,Slip & Fall,Closed,2856.35,0.0,509.77,2856.35,3366.12
CLM-000376,POL-002657,Professional Liability,Healthcare Services,GA,2023-09-14,2023-11-10,57,Misrepresentation,Open,5614.88,9787.37,831.88,15402.25,16234.13
CLM-000377,POL-002659,BOP,Real Estate,IL,2023-12-26,2024-01-11,16,Fire,Closed,2312.65,0.0,133.5,2312.65,2446.15
CLM-000378,POL-002668,BOP,Real Estate,OH,2025-08-04,2025-08-30,26,Fire,Closed,4602.68,0.0,902.54,4602.68,5505.22
CLM-000379,POL-002684,Professional Liability,Technology,TX,2025-07-09,2025-08-13,35,Breach of Duty,Open,144843.22,274265.89,89076.35,419109.11,508185.46
CLM-000380,POL-002691,BOP,Restaurants & Food Service,OH,2024-04-14,2024-05-06,22,Business Interruption,Closed,7874.08,0.0,586.75,7874.08,8460.83
CLM-000381,POL-002691,BOP,Restaurants & Food Service,OH,2024-03-10,2024-05-20,71,Theft/Burglary,Open,2725.87,14579.7,2792.45,17305.57,20098.02
CLM-000382,POL-002694,General Liability,Healthcare Services,FL,2024-06-03,2024-06-21,18,Slip & Fall,Closed,105088.51,0.0,22813.25,105088.51,127901.76
CLM-000383,POL-002694,General Liability,Healthcare Services,FL,2023-12-31,2024-07-22,204,Property Damage - 3rd Party,Open,19638.39,18248.46,1621.53,37886.85,39508.38
CLM-000384,POL-002703,BOP,Light Manufacturing,OH,2026-04-13,2026-06-27,75,Theft/Burglary,Open,2746.63,8573.24,1158.51,11319.87,12478.38
CLM-000385,POL-002704,General Liability,Retail,GA,2024-09-07,2024-09-23,16,Products Liability,Open,580.81,4652.09,1109.62,5232.9,6342.52
CLM-000386,POL-002722,BOP,Retail,NC,2024-11-14,2025-06-29,227,Slip & Fall,Closed,3020.21,0.0,205.45,3020.21,3225.66
CLM-000387,POL-002724,General Liability,Healthcare Services,WA,2024-05-28,2024-07-15,48,Personal & Advertising Injury,Closed,71417.47,0.0,5993.96,71417.47,77411.43
CLM-000388,POL-002727,BOP,Professional Services,AZ,2023-12-16,2024-01-07,22,Fire,Open,1613.02,2995.66,279.19,4608.68,4887.87
CLM-000389,POL-002727,BOP,Professional Services,AZ,2023-11-23,2023-11-29,6,Theft/Burglary,Closed,5138.87,0.0,974.52,5138.87,6113.39
CLM-000390,POL-002731,BOP,Light Manufacturing,IL,2024-12-24,2025-03-09,75,Theft/Burglary,Open,3822.37,9844.42,1197.0,13666.79,14863.79
CLM-000391,POL-002732,BOP,Light Manufacturing,IL,2026-05-02,2026-06-16,45,Business Interruption,Open,9752.94,15671.98,1583.42,25424.92,27008.34
CLM-000392,POL-002735,General Liability,Restaurants & Food Service,TX,2024-05-14,2024-06-23,40,Completed Operations,Open,5092.68,4976.7,653.11,10069.38,10722.49
CLM-000393,POL-002754,General Liability,Real Estate,NY,2025-12-13,2026-03-14,91,Property Damage - 3rd Party,Open,1893.61,2357.31,282.63,4250.92,4533.55
CLM-000394,POL-002769,General Liability,Contractors,FL,2025-12-30,2026-02-11,43,Property Damage - 3rd Party,Closed,87501.9,0.0,16183.63,87501.9,103685.53
CLM-000395,POL-002777,BOP,Restaurants & Food Service,CA,2023-09-05,2023-09-06,1,Fire,Closed,2462.27,0.0,184.14,2462.27,2646.41
CLM-000396,POL-002782,BOP,Retail,OH,2025-12-24,2026-01-19,26,Slip & Fall,Open,447.34,410.22,98.98,857.56,956.54
CLM-000397,POL-002786,General Liability,Restaurants & Food Service,IL,2025-03-11,2025-05-29,79,Completed Operations,Open,2507.82,4363.79,1092.16,6871.61,7963.77
CLM-000398,POL-002786,General Liability,Restaurants & Food Service,IL,2025-08-02,2025-12-06,126,Property Damage - 3rd Party,Open,7119.89,7260.91,1269.43,14380.8,15650.23
CLM-000399,POL-002793,BOP,Restaurants & Food Service,AZ,2025-11-24,2025-12-25,31,Theft/Burglary,Open,1336.54,1401.69,499.14,2738.23,3237.37
CLM-000400,POL-002794,BOP,Retail,NC,2025-05-02,2025-05-27,25,Theft/Burglary,Closed,1951.09,0.0,366.64,1951.09,2317.73
CLM-000401,POL-002796,General Liability,Technology,OH,2024-01-14,2024-01-23,9,Completed Operations,Closed,1026823.52,0.0,116173.25,1026823.52,1142996.77
CLM-000402,POL-002799,BOP,Healthcare Services,AZ,2025-08-31,2025-10-01,31,Slip & Fall,Closed,15244.43,0.0,3290.52,15244.43,18534.95
CLM-000403,POL-002799,BOP,Healthcare Services,AZ,2025-11-26,2025-11-30,4,Water Damage,Open,657.93,818.74,108.38,1476.67,1585.05
CLM-000404,POL-002802,BOP,Professional Services,FL,2024-08-24,2024-08-28,4,Fire,Closed,11350.09,0.0,990.64,11350.09,12340.73
CLM-000405,POL-002803,BOP,Professional Services,FL,2025-01-26,2025-02-25,30,Water Damage,Closed,11933.78,0.0,1824.46,11933.78,13758.24
CLM-000406,POL-002803,BOP,Professional Services,FL,2025-08-30,2025-10-28,59,Business Interruption,Open,1379.43,1347.66,147.72,2727.09,2874.81
CLM-000407,POL-002809,General Liability,Restaurants & Food Service,AZ,2024-11-23,2024-11-29,6,Personal & Advertising Injury,Closed,45730.99,0.0,9779.66,45730.99,55510.65
CLM-000408,POL-002811,General Liability,Contractors,WA,2025-12-29,2026-01-18,20,Slip & Fall,Closed - No Pay,0.0,0.0,0.0,0.0,0.0
CLM-000409,POL-002819,BOP,Professional Services,TX,2026-03-19,2026-04-04,16,Theft/Burglary,Open,907.96,1338.01,259.46,2245.97,2505.43
CLM-000410,POL-002830,General Liability,Contractors,FL,2024-11-27,2025-02-23,88,Property Damage - 3rd Party,Closed,4664.24,0.0,1002.93,4664.24,5667.17
CLM-000411,POL-002846,General Liability,Retail,GA,2025-04-08,2026-01-01,268,Products Liability,Open,1466.81,1692.34,397.05,3159.15,3556.2
CLM-000412,POL-002849,BOP,Restaurants & Food Service,IL,2024-03-27,2024-05-23,57,Fire,Closed,3417.69,0.0,438.4,3417.69,3856.09
CLM-000413,POL-002849,BOP,Restaurants & Food Service,IL,2024-01-07,2024-02-12,36,Wind/Hail,Closed,3974.66,0.0,479.26,3974.66,4453.92
CLM-000414,POL-002860,Professional Liability,Healthcare Services,IL,2024-05-15,2024-09-09,117,Failure to Deliver,Open,22393.57,42695.59,10432.55,65089.16,75521.71
CLM-000415,POL-002889,General Liability,Retail,NC,2025-10-22,2026-01-17,87,Completed Operations,Closed,355282.29,0.0,26919.98,355282.29,382202.27
CLM-000416,POL-002901,General Liability,Contractors,AZ,2026-04-23,2026-05-16,23,Personal & Advertising Injury,Open,11500.75,47862.94,10216.08,59363.69,69579.77
CLM-000417,POL-002901,General Liability,Contractors,AZ,2025-10-02,2026-04-12,192,Personal & Advertising Injury,Closed - No Pay,0.0,0.0,0.0,0.0,0.0
CLM-000418,POL-002912,General Liability,Contractors,TX,2024-02-05,2024-03-09,33,Completed Operations,Open,20635.16,38875.16,10511.92,59510.32,70022.24
CLM-000419,POL-002922,General Liability,Restaurants & Food Service,AZ,2025-10-14,2025-10-22,8,Slip & Fall,Open,41683.11,61287.78,10975.06,102970.89,113945.95
CLM-000420,POL-002932,General Liability,Restaurants & Food Service,TX,2025-11-15,2025-12-07,22,Products Liability,Open,9796.06,96911.45,4646.06,106707.51,111353.57
CLM-000421,POL-002941,General Liability,Contractors,IL,2025-02-17,2026-04-08,415,Slip & Fall,Open,1689.18,2204.14,311.28,3893.32,4204.6
CLM-000422,POL-002961,BOP,Contractors,FL,2025-11-27,2025-12-05,8,Wind/Hail,Open,4990.81,7350.63,2168.82,12341.44,14510.26
CLM-000423,POL-002967,Professional Liability,Professional Services,AZ,2024-12-29,2025-04-21,113,Regulatory Proceeding,Closed - No Pay,0.0,0.0,0.0,0.0,0.0
CLM-000424,POL-002972,General Liability,Contractors,CA,2024-09-06,2024-09-18,12,Products Liability,Closed - No Pay,0.0,0.0,0.0,0.0,0.0
CLM-000425,POL-002974,BOP,Retail,WA,2025-06-19,2025-07-16,27,Theft/Burglary,Open,4014.49,9841.2,1059.09,13855.69,14914.78
CLM-000426,POL-002981,BOP,Technology,IL,2024-08-06,2024-09-22,47,Theft/Burglary,Closed,12607.07,0.0,1194.07,12607.07,13801.14
CLM-000427,POL-002994,BOP,Restaurants & Food Service,WA,2024-10-20,2024-12-14,55,Fire,Closed,33544.33,0.0,4314.68,33544.33,37859.01
CLM-000428,POL-003000,General Liability,Retail,TX,2025-09-21,2025-09-25,4,Completed Operations,Closed - No Pay,0.0,0.0,0.0,0.0,0.0
CLM-000429,POL-003005,General Liability,Real Estate,NY,2025-05-25,2025-06-03,9,Slip & Fall,Open,84486.03,141302.88,36051.76,225788.91,261840.67
CLM-000430,POL-003007,BOP,Healthcare Services,FL,2023-08-15,2023-10-20,66,Theft/Burglary,Closed - No Pay,0.0,0.0,0.0,0.0,0.0
CLM-000431,POL-003019,BOP,Restaurants & Food Service,NC,2025-06-17,2025-06-18,1,Water Damage,Open,766.49,6215.41,1476.21,6981.9,8458.11
CLM-000432,POL-003019,BOP,Restaurants & Food Service,NC,2026-04-13,2026-05-13,30,Wind/Hail,Open,1405.45,1833.33,129.61,3238.78,3368.39
CLM-000433,POL-003027,BOP,Restaurants & Food Service,OH,2024-10-26,2025-01-02,68,Water Damage,Closed - No Pay,0.0,0.0,0.0,0.0,0.0
CLM-000434,POL-003046,BOP,Contractors,IL,2025-08-24,2025-12-26,124,Wind/Hail,Open,899.8,7923.96,1906.06,8823.76,10729.82
CLM-000435,POL-003060,General Liability,Contractors,WA,2025-08-05,2025-09-30,56,Personal & Advertising Injury,Closed,32504.68,0.0,2860.3,32504.68,35364.98
CLM-000436,POL-003064,BOP,Light Manufacturing,TX,2024-01-31,2024-02-04,4,Slip & Fall,Closed,6356.41,0.0,489.06,6356.41,6845.47
CLM-000437,POL-003071,General Liability,Retail,TX,2025-07-22,2025-08-04,13,Property Damage - 3rd Party,Closed,39543.42,0.0,3044.43,39543.42,42587.85
CLM-000438,POL-003073,BOP,Restaurants & Food Service,GA,2024-01-11,2024-01-25,14,Wind/Hail,Open,708.11,4153.1,316.13,4861.21,5177.34
CLM-000439,POL-003087,General Liability,Light Manufacturing,AZ,2025-07-01,2025-07-05,4,Completed Operations,Open,19394.47,95360.55,16813.64,114755.02,131568.66
CLM-000440,POL-003088,General Liability,Light Manufacturing,AZ,2026-04-02,2026-06-26,85,Personal & Advertising Injury,Open,21112.19,38013.2,6043.38,59125.39,65168.77
CLM-000441,POL-003091,General Liability,Contractors,WA,2024-08-09,2024-10-10,62,Property Damage - 3rd Party,Open,15822.87,125631.2,9608.83,141454.07,151062.9
CLM-000442,POL-003096,General Liability,Professional Services,NC,2025-04-18,2025-06-06,49,Personal & Advertising Injury,Open,5063.59,37671.18,3821.12,42734.77,46555.89
CLM-000443,POL-003099,BOP,Restaurants & Food Service,NC,2026-02-16,2026-03-07,19,Water Damage,Closed,1923.12,0.0,418.78,1923.12,2341.9
CLM-000444,POL-003106,BOP,Restaurants & Food Service,CA,2025-08-21,2025-09-01,11,Slip & Fall,Open,1398.62,7035.05,1432.2,8433.67,9865.87
CLM-000445,POL-003115,BOP,Professional Services,IL,2024-03-31,2024-04-10,10,Fire,Closed,5911.82,0.0,739.37,5911.82,6651.19
CLM-000446,POL-003119,BOP,Restaurants & Food Service,NY,2025-03-24,2025-03-26,2,Slip & Fall,Closed,1684.45,0.0,352.57,1684.45,2037.02
CLM-000447,POL-003119,BOP,Restaurants & Food Service,NY,2025-07-05,2025-07-06,1,Business Interruption,Closed,8087.55,0.0,1292.94,8087.55,9380.49
CLM-000448,POL-003124,BOP,Real Estate,IL,2024-05-31,2024-06-18,18,Water Damage,Closed,4495.44,0.0,967.87,4495.44,5463.31
CLM-000449,POL-003130,General Liability,Contractors,TX,2025-08-01,2025-12-04,125,Products Liability,Open,5656.41,6564.28,1525.4,12220.69,13746.09
CLM-000450,POL-003133,BOP,Retail,NC,2024-01-21,2024-01-26,5,Wind/Hail,Closed,2433.2,0.0,360.31,2433.2,2793.51
CLM-000451,POL-003135,BOP,Real Estate,OH,2025-05-24,2025-05-26,2,Theft/Burglary,Open,2060.85,3213.68,836.21,5274.53,6110.74
CLM-000452,POL-003147,Professional Liability,Professional Services,TX,2023-09-25,2024-02-01,129,Failure to Deliver,Open,4881.19,5355.26,1791.5,10236.45,12027.95
CLM-000453,POL-003156,BOP,Retail,TX,2025-04-27,2025-05-03,6,Business Interruption,Closed,2139.86,0.0,434.51,2139.86,2574.37
CLM-000454,POL-003158,General Liability,Real Estate,GA,2026-01-16,2026-02-08,23,Completed Operations,Closed,20989.14,0.0,2974.87,20989.14,23964.01
CLM-000455,POL-003170,BOP,Real Estate,TX,2026-01-15,2026-06-12,148,Slip & Fall,Open,538.13,1107.4,134.95,1645.53,1780.48
CLM-000456,POL-003184,BOP,Restaurants & Food Service,CA,2025-07-26,2025-08-18,23,Business Interruption,Closed,2893.71,0.0,463.48,2893.71,3357.19
CLM-000457,POL-003188,BOP,Healthcare Services,IL,2026-05-09,2026-06-02,24,Slip & Fall,Open,56796.3,103968.44,22565.57,160764.74,183330.31
CLM-000458,POL-003204,General Liability,Contractors,CA,2025-05-04,2025-10-27,176,Completed Operations,Closed,12735.27,0.0,2515.8,12735.27,15251.07
CLM-000459,POL-003216,BOP,Retail,FL,2024-12-13,2025-01-09,27,Theft/Burglary,Closed,3385.71,0.0,248.15,3385.71,3633.86
CLM-000460,POL-003226,Professional Liability,Technology,FL,2025-06-06,2025-09-06,92,Misrepresentation,Open,3115.45,11201.36,2178.69,14316.81,16495.5
CLM-000461,POL-003229,BOP,Healthcare Services,IL,2026-03-14,2026-03-28,14,Theft/Burglary,Closed,1479.82,0.0,171.52,1479.82,1651.34
CLM-000462,POL-003230,BOP,Light Manufacturing,AZ,2024-10-14,2024-10-17,3,Business Interruption,Closed,9206.14,0.0,595.59,9206.14,9801.73
CLM-000463,POL-003234,General Liability,Restaurants & Food Service,NC,2025-05-20,2025-10-26,159,Slip & Fall,Closed,15282.55,0.0,3315.54,15282.55,18598.09
CLM-000464,POL-003249,General Liability,Healthcare Services,TX,2023-09-12,2024-01-14,124,Slip & Fall,Open,3382.05,24626.46,3686.9,28008.51,31695.41
CLM-000465,POL-003259,Professional Liability,Real Estate,OH,2024-09-14,2024-12-02,79,Failure to Deliver,Open,42244.95,304702.13,45389.91,346947.08,392336.99
CLM-000466,POL-003269,General Liability,Contractors,CA,2025-11-04,2026-01-16,73,Slip & Fall,Closed,16473.83,0.0,2125.58,16473.83,18599.41
CLM-000467,POL-003272,Professional Liability,Light Manufacturing,NC,2025-05-31,2025-11-19,172,Misrepresentation,Open,27263.19,73327.07,10437.17,100590.26,111027.43
CLM-000468,POL-003283,General Liability,Light Manufacturing,AZ,2023-11-11,2025-02-15,462,Completed Operations,Open,3345.64,13740.73,1997.03,17086.37,19083.4
CLM-000469,POL-003283,General Liability,Light Manufacturing,AZ,2024-03-18,2024-05-07,50,Property Damage - 3rd Party,Open,6821.53,25091.67,6800.9,31913.2,38714.1
CLM-000470,POL-003307,BOP,Retail,CA,2025-08-14,2025-09-16,33,Fire,Open,128.35,274.06,70.58,402.41,472.99
CLM-000471,POL-003313,BOP,Retail,NC,2024-04-30,2024-05-08,8,Theft/Burglary,Closed,2074.64,0.0,156.6,2074.64,2231.24
CLM-000472,POL-003318,BOP,Professional Services,AZ,2025-03-15,2025-03-20,5,Slip & Fall,Closed,5582.12,0.0,243.96,5582.12,5826.08
CLM-000473,POL-003323,BOP,Retail,OH,2024-03-26,2024-07-12,108,Theft/Burglary,Open,605.11,2382.45,518.61,2987.56,3506.17
CLM-000474,POL-003332,BOP,Restaurants & Food Service,FL,2023-11-17,2023-12-08,21,Wind/Hail,Closed - No Pay,0.0,0.0,0.0,0.0,0.0
CLM-000475,POL-003333,BOP,Restaurants & Food Service,FL,2025-08-16,2025-08-26,10,Slip & Fall,Closed - No Pay,0.0,0.0,0.0,0.0,0.0
CLM-000476,POL-003334,BOP,Restaurants & Food Service,FL,2026-06-07,2026-06-07,0,Business Interruption,Open,881.95,2536.19,557.48,3418.14,3975.62
CLM-000477,POL-003336,BOP,Healthcare Services,NY,2025-11-07,2025-11-08,1,Fire,Closed - No Pay,0.0,0.0,0.0,0.0,0.0
CLM-000478,POL-003349,General Liability,Restaurants & Food Service,AZ,2023-10-20,2024-08-12,297,Slip & Fall,Open,14846.92,32635.97,7382.42,47482.89,54865.31
CLM-000479,POL-003353,BOP,Restaurants & Food Service,TX,2025-06-30,2025-07-19,19,Business Interruption,Closed,4488.36,0.0,535.48,4488.36,5023.84
CLM-000480,POL-003354,BOP,Restaurants & Food Service,TX,2025-09-29,2025-11-14,46,Water Damage,Closed,20807.22,0.0,4183.45,20807.22,24990.67
CLM-000481,POL-003356,General Liability,Healthcare Services,IL,2025-01-24,2025-04-05,71,Products Liability,Closed,15441.96,0.0,2427.74,15441.96,17869.7
CLM-000482,POL-003356,General Liability,Healthcare Services,IL,2024-10-16,2025-04-04,170,Personal & Advertising Injury,Closed,845611.34,0.0,63944.38,845611.34,909555.72
CLM-000483,POL-003366,Professional Liability,Healthcare Services,GA,2025-05-25,2026-04-08,318,Breach of Duty,Open,103895.03,352466.5,65852.15,456361.53,522213.68
CLM-000484,POL-003377,Professional Liability,Light Manufacturing,CA,2024-08-03,2024-10-18,76,Regulatory Proceeding,Open,3678.6,6695.77,1274.81,10374.37,11649.18
CLM-000485,POL-003380,Professional Liability,Professional Services,FL,2025-07-22,2025-12-30,161,Misrepresentation,Closed,3892.89,0.0,539.39,3892.89,4432.28
CLM-000486,POL-003387,Professional Liability,Retail,CA,2025-11-08,2026-06-21,225,Failure to Deliver,Open,935.79,14536.51,1538.21,15472.3,17010.51
CLM-000487,POL-003398,BOP,Restaurants & Food Service,WA,2025-08-26,2025-09-10,15,Fire,Open,16458.19,122941.99,9740.72,139400.18,149140.9
CLM-000488,POL-003402,General Liability,Contractors,OH,2025-06-28,2025-07-21,23,Personal & Advertising Injury,Open,2136.3,6371.01,1676.02,8507.31,10183.33
CLM-000489,POL-003404,BOP,Professional Services,NC,2025-09-27,2025-09-30,3,Business Interruption,Closed,2798.48,0.0,479.68,2798.48,3278.16
CLM-000490,POL-003409,General Liability,Professional Services,IL,2024-11-07,2024-11-11,4,Personal & Advertising Injury,Closed,1956.33,0.0,148.99,1956.33,2105.32
CLM-000491,POL-003410,General Liability,Professional Services,IL,2026-01-23,2026-03-02,38,Personal & Advertising Injury,Open,3495.31,28198.72,5981.64,31694.03,37675.67
CLM-000492,POL-003414,BOP,Real Estate,NY,2024-11-15,2024-12-19,34,Theft/Burglary,Open,19116.48,42534.11,9604.97,61650.59,71255.56
CLM-000493,POL-003433,BOP,Contractors,FL,2026-02-01,2026-02-20,19,Wind/Hail,Closed,8479.23,0.0,778.95,8479.23,9258.18
CLM-000494,POL-003458,BOP,Restaurants & Food Service,GA,2024-08-13,2024-08-26,13,Theft/Burglary,Closed,7403.53,0.0,907.09,7403.53,8310.62
CLM-000495,POL-003468,BOP,Retail,NC,2025-01-08,2025-01-14,6,Business Interruption,Closed,712.81,0.0,35.44,712.81,748.25
CLM-000496,POL-003470,BOP,Real Estate,WA,2025-08-16,2025-08-25,9,Theft/Burglary,Closed,3605.0,0.0,447.37,3605.0,4052.37
CLM-000497,POL-003477,Professional Liability,Healthcare Services,TX,2024-06-17,2025-08-24,433,Failure to Deliver,Closed - No Pay,0.0,0.0,0.0,0.0,0.0
CLM-000498,POL-003493,General Liability,Healthcare Services,IL,2024-06-24,2024-12-26,185,Products Liability,Closed,4372.62,0.0,370.16,4372.62,4742.78
CLM-000499,POL-003493,General Liability,Healthcare Services,IL,2024-12-17,2025-01-25,39,Personal & Advertising Injury,Closed,1505.59,0.0,267.69,1505.59,1773.28
CLM-000500,POL-003526,BOP,Retail,TX,2026-01-13,2026-01-13,0,Water Damage,Open,151.69,1046.5,98.29,1198.19,1296.48
CLM-000501,POL-003526,BOP,Retail,TX,2026-04-28,2026-05-10,12,Water Damage,Open,3494.21,6897.88,2048.2,10392.09,12440.29
CLM-000502,POL-003534,General Liability,Contractors,TX,2025-06-13,2025-10-10,119,Property Damage - 3rd Party,Closed,61360.4,0.0,10065.18,61360.4,71425.58
CLM-000503,POL-003541,General Liability,Contractors,AZ,2025-12-19,2026-05-17,149,Products Liability,Open,62535.7,125114.22,12182.02,187649.92,199831.94
CLM-000504,POL-003545,General Liability,Real Estate,IL,2024-05-29,2024-06-30,32,Property Damage - 3rd Party,Closed,7079.62,0.0,1423.31,7079.62,8502.93
CLM-000505,POL-003545,General Liability,Real Estate,IL,2024-07-01,2024-12-01,153,Completed Operations,Closed,82913.94,0.0,14601.23,82913.94,97515.17
CLM-000506,POL-003548,BOP,Restaurants & Food Service,NY,2024-09-14,2024-09-25,11,Wind/Hail,Closed,2747.93,0.0,333.72,2747.93,3081.65
CLM-000507,POL-003550,BOP,Restaurants & Food Service,NY,2026-02-12,2026-03-27,43,Slip & Fall,Closed,2968.36,0.0,274.73,2968.36,3243.09
CLM-000508,POL-003552,BOP,Light Manufacturing,NY,2024-08-29,2024-09-03,5,Water Damage,Closed,4806.65,0.0,507.36,4806.65,5314.01
CLM-000509,POL-003556,General Liability,Contractors,CA,2025-10-26,2026-01-13,79,Completed Operations,Closed,26001.02,0.0,1563.64,26001.02,27564.66
CLM-000510,POL-003572,BOP,Retail,WA,2025-01-21,2025-02-06,16,Wind/Hail,Closed,5908.45,0.0,1201.85,5908.45,7110.3
CLM-000511,POL-003581,BOP,Contractors,TX,2025-09-13,2025-09-14,1,Slip & Fall,Closed - No Pay,0.0,0.0,0.0,0.0,0.0
CLM-000512,POL-003585,BOP,Light Manufacturing,TX,2026-01-16,2026-02-01,16,Wind/Hail,Open,486.18,6092.51,397.12,6578.69,6975.81
CLM-000513,POL-003624,BOP,Retail,OH,2024-08-29,2024-08-30,1,Slip & Fall,Closed,8811.1,0.0,1529.78,8811.1,10340.88
CLM-000514,POL-003636,Professional Liability,Healthcare Services,NY,2024-01-01,2025-01-01,366,Breach of Duty,Open,4475.87,36622.98,3856.85,41098.85,44955.7
CLM-000515,POL-003640,General Liability,Retail,CA,2023-05-16,2023-12-13,211,Slip & Fall,Open,112.2,1147.75,98.43,1259.95,1358.38
CLM-000516,POL-003642,General Liability,Retail,CA,2025-03-04,2025-03-09,5,Slip & Fall,Closed,48132.43,0.0,7976.4,48132.43,56108.83
CLM-000517,POL-003650,BOP,Retail,OH,2026-05-25,2026-06-02,8,Fire,Open,3013.8,4226.46,294.72,7240.26,7534.98
CLM-000518,POL-003659,General Liability,Contractors,OH,2026-02-16,2026-06-03,107,Slip & Fall,Open,23478.74,57806.18,15705.84,81284.92,96990.76
CLM-000519,POL-003664,BOP,Restaurants & Food Service,OH,2025-09-18,2025-09-21,3,Water Damage,Closed,11095.61,0.0,509.32,11095.61,11604.93
CLM-000520,POL-003668,BOP,Light Manufacturing,IL,2025-09-03,2025-09-09,6,Business Interruption,Closed,10277.43,0.0,731.59,10277.43,11009.02
CLM-000521,POL-003668,BOP,Light Manufacturing,IL,2025-01-05,2025-02-03,29,Theft/Burglary,Open,2907.32,35756.13,4479.82,38663.45,43143.27
CLM-000522,POL-003675,General Liability,Contractors,CA,2025-11-21,2026-02-10,81,Property Damage - 3rd Party,Open,3720.18,6491.45,656.23,10211.63,10867.86
CLM-000523,POL-003695,Professional Liability,Professional Services,WA,2024-05-17,2024-12-25,222,Failure to Deliver,Open,11536.46,19260.93,2290.51,30797.39,33087.9
CLM-000524,POL-003698,BOP,Light Manufacturing,IL,2025-02-14,2025-02-26,12,Business Interruption,Closed,66451.26,0.0,10790.77,66451.26,77242.03
CLM-000525,POL-003706,BOP,Restaurants & Food Service,TX,2025-12-26,2026-02-12,48,Business Interruption,Closed,1982.69,0.0,354.44,1982.69,2337.13
CLM-000526,POL-003712,General Liability,Real Estate,FL,2025-10-25,2026-01-29,96,Products Liability,Open,9043.42,51436.66,9108.81,60480.08,69588.89
CLM-000527,POL-003713,BOP,Real Estate,TX,2023-04-24,2023-04-29,5,Theft/Burglary,Open,223.65,3633.96,596.12,3857.61,4453.73
CLM-000528,POL-003716,General Liability,Contractors,CA,2024-05-06,2024-05-23,17,Property Damage - 3rd Party,Closed,13928.11,0.0,1028.5,13928.11,14956.61
CLM-000529,POL-003720,BOP,Retail,IL,2024-10-06,2025-03-20,165,Water Damage,Closed,3994.57,0.0,827.77,3994.57,4822.34
CLM-000530,POL-003724,Professional Liability,Restaurants & Food Service,CA,2024-05-29,2024-07-23,55,Breach of Duty,Open,14680.11,13099.99,6025.48,27780.1,33805.58
CLM-000531,POL-003739,General Liability,Retail,IL,2025-01-24,2025-02-27,34,Completed Operations,Closed,55885.85,0.0,4297.98,55885.85,60183.83
CLM-000532,POL-003740,General Liability,Retail,IL,2025-05-09,2025-07-14,66,Completed Operations,Closed,1588.96,0.0,93.44,1588.96,1682.4
CLM-000533,POL-003748,General Liability,Healthcare Services,GA,2025-06-27,2025-12-10,166,Personal & Advertising Injury,Open,5692.32,5212.8,610.4,10905.12,11515.52
CLM-000534,POL-003772,BOP,Light Manufacturing,FL,2023-12-19,2023-12-19,0,Slip & Fall,Closed,10651.45,0.0,477.24,10651.45,11128.69
CLM-000535,POL-003776,BOP,Contractors,FL,2024-08-25,2024-09-11,17,Business Interruption,Closed,23888.03,0.0,3561.03,23888.03,27449.06
CLM-000536,POL-003777,BOP,Contractors,FL,2025-09-07,2025-09-30,23,Business Interruption,Closed,3775.81,0.0,741.13,3775.81,4516.94
CLM-000537,POL-003779,BOP,Restaurants & Food Service,NC,2025-01-16,2025-03-28,71,Business Interruption,Open,217.36,2120.9,451.86,2338.26,2790.12
CLM-000538,POL-003810,General Liability,Light Manufacturing,FL,2025-12-07,2025-12-30,23,Personal & Advertising Injury,Closed,28819.97,0.0,2092.99,28819.97,30912.96
CLM-000539,POL-003813,General Liability,Real Estate,TX,2024-03-09,2024-03-15,6,Personal & Advertising Injury,Open,3583.89,21390.37,5006.7,24974.26,29980.96
CLM-000540,POL-003816,General Liability,Professional Services,NY,2025-05-12,2025-05-29,17,Products Liability,Open,14285.21,22842.65,4057.05,37127.86,41184.91
CLM-000541,POL-003827,General Liability,Contractors,IL,2026-03-06,2026-04-27,52,Property Damage - 3rd Party,Open,126786.88,194065.98,44243.8,320852.86,365096.66
CLM-000542,POL-003830,BOP,Retail,NC,2025-01-26,2025-02-01,6,Business Interruption,Closed,30917.33,0.0,4447.61,30917.33,35364.94
CLM-000543,POL-003831,BOP,Contractors,IL,2024-12-19,2025-01-06,18,Fire,Closed,8327.6,0.0,1790.32,8327.6,10117.92
CLM-000544,POL-003836,BOP,Restaurants & Food Service,IL,2023-08-16,2023-08-28,12,Water Damage,Open,1545.77,13435.02,746.65,14980.79,15727.44
CLM-000545,POL-003837,BOP,Contractors,NC,2024-04-26,2024-07-08,73,Theft/Burglary,Open,27353.99,24103.18,3508.73,51457.17,54965.9
CLM-000546,POL-003843,General Liability,Contractors,NY,2025-06-19,2025-07-22,33,Personal & Advertising Injury,Open,5544.6,7570.94,1521.01,13115.54,14636.55
CLM-000547,POL-003843,General Liability,Contractors,NY,2026-04-18,2026-05-24,36,Property Damage - 3rd Party,Open,20028.82,32249.37,5632.96,52278.19,57911.15
CLM-000548,POL-003856,General Liability,Contractors,NC,2024-09-25,2024-11-05,41,Slip & Fall,Open,4411.61,79426.5,12513.88,83838.11,96351.99
CLM-000549,POL-003857,General Liability,Contractors,NC,2025-11-21,2026-05-15,175,Slip & Fall,Open,1239.58,3137.04,223.69,4376.62,4600.31
CLM-000550,POL-003859,General Liability,Restaurants & Food Service,FL,2024-12-28,2025-04-18,111,Completed Operations,Closed,20133.2,0.0,1636.87,20133.2,21770.07
CLM-000551,POL-003863,BOP,Restaurants & Food Service,NY,2025-04-13,2025-05-12,29,Slip & Fall,Closed,9706.71,0.0,968.29,9706.71,10675.0
CLM-000552,POL-003866,General Liability,Retail,CA,2026-03-05,2026-04-16,42,Slip & Fall,Open,1511.98,4644.25,287.32,6156.23,6443.55
CLM-000553,POL-003876,BOP,Restaurants & Food Service,FL,2025-04-20,2025-05-19,29,Business Interruption,Closed,4477.5,0.0,598.79,4477.5,5076.29
CLM-000554,POL-003876,BOP,Restaurants & Food Service,FL,2025-05-15,2025-05-21,6,Wind/Hail,Closed,18917.17,0.0,4114.35,18917.17,23031.52
CLM-000555,POL-003880,General Liability,Restaurants & Food Service,TX,2025-12-27,2026-02-28,63,Slip & Fall,Open,6011.2,11722.64,1100.86,17733.84,18834.7
CLM-000556,POL-003891,BOP,Real Estate,NY,2023-09-09,2023-11-15,67,Business Interruption,Closed,21986.53,0.0,3991.37,21986.53,25977.9
CLM-000557,POL-003893,BOP,Real Estate,NY,2026-01-01,2026-01-17,16,Theft/Burglary,Closed,36979.81,0.0,1821.47,36979.81,38801.28
CLM-000558,POL-003900,BOP,Contractors,NY,2025-07-02,2025-09-10,70,Wind/Hail,Open,2714.96,2657.03,336.73,5371.99,5708.72
CLM-000559,POL-003903,Professional Liability,Healthcare Services,IL,2023-09-19,2025-04-29,588,Breach of Duty,Closed,34322.15,0.0,2095.2,34322.15,36417.35
CLM-000560,POL-003916,General Liability,Real Estate,CA,2024-06-24,2024-09-11,79,Products Liability,Open,4484.08,15728.08,1596.99,20212.16,21809.15
CLM-000561,POL-003919,BOP,Light Manufacturing,IL,2024-04-04,2024-05-06,32,Slip & Fall,Closed,15569.86,0.0,1634.87,15569.86,17204.73
CLM-000562,POL-003922,General Liability,Real Estate,CA,2024-11-09,2024-12-16,37,Slip & Fall,Open,7912.76,69691.59,4741.68,77604.35,82346.03
CLM-000563,POL-003929,BOP,Real Estate,IL,2023-10-17,2023-11-02,16,Business Interruption,Closed,1661.77,0.0,185.22,1661.77,1846.99
CLM-000564,POL-003950,BOP,Light Manufacturing,TX,2026-03-31,2026-04-06,6,Wind/Hail,Open,1721.0,7018.56,1610.8,8739.56,10350.36
CLM-000565,POL-003951,General Liability,Contractors,NY,2024-03-21,2025-05-22,427,Personal & Advertising Injury,Closed,45325.77,0.0,5475.65,45325.77,50801.42
CLM-000566,POL-003951,General Liability,Contractors,NY,2024-03-18,2024-04-04,17,Personal & Advertising Injury,Closed,15470.13,0.0,1925.75,15470.13,17395.88
CLM-000567,POL-003955,General Liability,Retail,NC,2026-03-04,2026-03-09,5,Slip & Fall,Open,6125.45,8158.85,2973.37,14284.3,17257.67
CLM-000568,POL-003963,General Liability,Contractors,CA,2023-10-27,2023-12-15,49,Products Liability,Closed,15786.15,0.0,728.1,15786.15,16514.25
CLM-000569,POL-003975,BOP,Contractors,IL,2024-05-10,2024-06-04,25,Fire,Closed,8839.27,0.0,1075.41,8839.27,9914.68
CLM-000570,POL-003975,BOP,Contractors,IL,2024-12-16,2024-12-25,9,Business Interruption,Closed,14842.02,0.0,2579.76,14842.02,17421.78
CLM-000571,POL-003981,General Liability,Real Estate,NY,2025-01-23,2025-03-15,51,Slip & Fall,Closed,9902.85,0.0,1234.57,9902.85,11137.42
CLM-000572,POL-003983,BOP,Contractors,IL,2026-01-25,2026-02-09,15,Water Damage,Open,949.79,3996.05,870.2,4945.84,5816.04
CLM-000573,POL-003983,BOP,Contractors,IL,2026-05-09,2026-05-27,18,Business Interruption,Open,2074.12,3660.31,459.55,5734.43,6193.98
CLM-000574,POL-003988,BOP,Restaurants & Food Service,IL,2025-04-08,2025-04-13,5,Theft/Burglary,Closed,15054.09,0.0,1936.33,15054.09,16990.42
CLM-000575,POL-003996,General Liability,Restaurants & Food Service,TX,2025-07-19,2026-02-09,205,Completed Operations,Open,1435.22,2803.16,405.03,4238.38,4643.41
CLM-000576,POL-004022,BOP,Light Manufacturing,AZ,2024-12-03,2024-12-24,21,Slip & Fall,Closed,3125.91,0.0,216.15,3125.91,3342.06
CLM-000577,POL-004035,BOP,Real Estate,IL,2025-06-30,2025-07-02,2,Theft/Burglary,Closed,3981.85,0.0,398.87,3981.85,4380.72
CLM-000578,POL-004045,BOP,Restaurants & Food Service,IL,2025-12-20,2025-12-22,2,Wind/Hail,Closed,15452.94,0.0,852.91,15452.94,16305.85
CLM-000579,POL-004059,BOP,Healthcare Services,NC,2024-12-27,2025-01-18,22,Fire,Open,6073.7,9888.84,1965.44,15962.54,17927.98
CLM-000580,POL-004062,BOP,Light Manufacturing,WA,2025-01-13,2025-06-02,140,Business Interruption,Closed,6392.09,0.0,660.86,6392.09,7052.95
CLM-000581,POL-004068,BOP,Restaurants & Food Service,IL,2025-05-22,2025-05-29,7,Business Interruption,Open,249.36,1378.04,227.91,1627.4,1855.31
CLM-000582,POL-004073,General Liability,Light Manufacturing,FL,2025-02-09,2025-08-31,203,Completed Operations,Closed,2441.09,0.0,473.88,2441.09,2914.97
CLM-000583,POL-004074,General Liability,Light Manufacturing,FL,2025-09-07,2025-12-07,91,Personal & Advertising Injury,Open,45209.3,48897.21,8775.26,94106.51,102881.77
CLM-000584,POL-004076,BOP,Contractors,WA,2025-07-26,2025-08-09,14,Water Damage,Closed,15837.22,0.0,740.78,15837.22,16578.0
CLM-000585,POL-004076,BOP,Contractors,WA,2024-11-02,2024-11-10,8,Fire,Closed - No Pay,0.0,0.0,0.0,0.0,0.0
CLM-000586,POL-004077,BOP,Contractors,WA,2026-02-05,2026-05-31,115,Theft/Burglary,Open,11313.92,16127.99,5473.44,27441.91,32915.35
CLM-000587,POL-004089,BOP,Retail,OH,2024-03-01,2024-03-29,28,Slip & Fall,Closed,3787.36,0.0,605.83,3787.36,4393.19
CLM-000588,POL-004105,General Liability,Contractors,FL,2026-06-04,2026-06-15,11,Completed Operations,Open,7185.13,8965.23,3307.97,16150.36,19458.33
CLM-000589,POL-004106,General Liability,Retail,CA,2025-06-24,2025-09-28,96,Completed Operations,Open,2689.03,6505.28,1026.33,9194.31,10220.64
CLM-000590,POL-004116,BOP,Professional Services,IL,2024-02-03,2024-02-11,8,Water Damage,Closed,7882.51,0.0,1111.23,7882.51,8993.74
CLM-000591,POL-004124,Professional Liability,Healthcare Services,CA,2024-07-10,2024-08-27,48,Breach of Duty,Closed,133921.94,0.0,16038.76,133921.94,149960.7
CLM-000592,POL-004141,BOP,Technology,NC,2023-06-05,2023-07-02,27,Business Interruption,Closed - No Pay,0.0,0.0,0.0,0.0,0.0
CLM-000593,POL-004143,BOP,Technology,NC,2025-06-19,2025-08-07,49,Wind/Hail,Closed,1634.42,0.0,109.45,1634.42,1743.87
CLM-000594,POL-004145,BOP,Real Estate,WA,2024-02-23,2024-03-23,29,Wind/Hail,Open,4203.13,14337.4,2376.58,18540.53,20917.11
CLM-000595,POL-004151,BOP,Light Manufacturing,FL,2023-03-30,2023-04-29,30,Wind/Hail,Closed,2559.59,0.0,119.86,2559.59,2679.45
CLM-000596,POL-004155,General Liability,Retail,NC,2024-12-18,2025-01-27,40,Slip & Fall,Closed,7038.5,0.0,339.56,7038.5,7378.06
CLM-000597,POL-004170,General Liability,Restaurants & Food Service,FL,2024-04-16,2024-08-01,107,Property Damage - 3rd Party,Open,309.2,3101.31,359.11,3410.51,3769.62
CLM-000598,POL-004175,General Liability,Restaurants & Food Service,GA,2026-05-17,2026-06-16,30,Completed Operations,Open,5122.6,4313.99,1863.02,9436.59,11299.61
CLM-000599,POL-004199,General Liability,Retail,NC,2025-03-26,2025-06-20,86,Property Damage - 3rd Party,Open,8511.62,37106.86,3507.76,45618.48,49126.24
CLM-000600,POL-004202,BOP,Retail,FL,2025-12-10,2025-12-15,5,Business Interruption,Open,1042.13,1454.08,342.77,2496.21,2838.98
CLM-000601,POL-004205,BOP,Retail,AZ,2023-07-23,2023-07-30,7,Slip & Fall,Open,1218.49,5107.0,517.43,6325.49,6842.92
CLM-000602,POL-004215,General Liability,Contractors,WA,2024-05-30,2024-06-02,3,Personal & Advertising Injury,Closed,7665.49,0.0,1175.2,7665.49,8840.69
CLM-000603,POL-004226,BOP,Restaurants & Food Service,IL,2025-06-15,2025-07-11,26,Slip & Fall,Closed,13590.64,0.0,912.23,13590.64,14502.87
CLM-000604,POL-004229,General Liability,Contractors,NY,2025-10-23,2025-11-02,10,Property Damage - 3rd Party,Closed,28033.08,0.0,2474.0,28033.08,30507.08
CLM-000605,POL-004233,BOP,Real Estate,OH,2025-07-05,2025-08-11,37,Water Damage,Closed,12255.74,0.0,1910.2,12255.74,14165.94
CLM-000606,POL-004235,General Liability,Real Estate,FL,2024-12-08,2025-03-23,105,Personal & Advertising Injury,Closed,44509.2,0.0,4839.17,44509.2,49348.37
CLM-000607,POL-004247,General Liability,Restaurants & Food Service,OH,2025-04-14,2025-05-12,28,Slip & Fall,Closed,3535.17,0.0,146.1,3535.17,3681.27
CLM-000608,POL-004249,General Liability,Contractors,IL,2025-07-26,2025-07-28,2,Property Damage - 3rd Party,Closed,32255.35,0.0,6860.99,32255.35,39116.34
CLM-000609,POL-004254,BOP,Light Manufacturing,IL,2025-11-07,2026-01-26,80,Business Interruption,Open,241.2,1571.04,189.36,1812.24,2001.6
CLM-000610,POL-004254,BOP,Light Manufacturing,IL,2026-04-10,2026-05-18,38,Wind/Hail,Open,3078.34,11849.8,2039.95,14928.14,16968.09
CLM-000611,POL-004263,General Liability,Contractors,WA,2026-03-12,2026-04-26,45,Products Liability,Open,5230.56,10207.03,2398.98,15437.59,17836.57
CLM-000612,POL-004264,BOP,Restaurants & Food Service,OH,2025-07-17,2025-08-16,30,Business Interruption,Closed,5452.16,0.0,777.93,5452.16,6230.09
CLM-000613,POL-004274,BOP,Real Estate,TX,2026-03-13,2026-04-17,35,Slip & Fall,Open,651.66,5434.8,1142.13,6086.46,7228.59
CLM-000614,POL-004285,BOP,Real Estate,IL,2025-12-06,2025-12-14,8,Theft/Burglary,Closed,4313.56,0.0,390.59,4313.56,4704.15
CLM-000615,POL-004290,General Liability,Light Manufacturing,TX,2025-08-21,2025-11-03,74,Completed Operations,Closed - No Pay,0.0,0.0,0.0,0.0,0.0
CLM-000616,POL-004296,BOP,Retail,NY,2026-06-03,2026-06-03,0,Business Interruption,Open,2761.23,3559.0,1216.92,6320.23,7537.15
CLM-000617,POL-004299,BOP,Contractors,AZ,2025-04-01,2025-04-28,27,Slip & Fall,Open,4629.46,8002.89,1491.43,12632.35,14123.78
CLM-000618,POL-004303,BOP,Restaurants & Food Service,FL,2025-02-27,2025-03-04,5,Slip & Fall,Closed,18359.92,0.0,2260.91,18359.92,20620.83
CLM-000619,POL-004304,BOP,Restaurants & Food Service,FL,2026-01-16,2026-02-20,35,Wind/Hail,Closed - No Pay,0.0,0.0,0.0,0.0,0.0
CLM-000620,POL-004306,BOP,Light Manufacturing,OH,2026-04-21,2026-04-25,4,Water Damage,Closed,12077.96,0.0,745.33,12077.96,12823.29
CLM-000621,POL-004313,BOP,Contractors,GA,2024-12-27,2025-01-12,16,Theft/Burglary,Closed,33010.23,0.0,5318.0,33010.23,38328.23
CLM-000622,POL-004319,General Liability,Light Manufacturing,TX,2023-05-23,2023-09-23,123,Personal & Advertising Injury,Closed,7525.88,0.0,1172.17,7525.88,8698.05
CLM-000623,POL-004320,General Liability,Light Manufacturing,TX,2024-03-14,2024-05-27,74,Property Damage - 3rd Party,Closed,10458.14,0.0,1090.15,10458.14,11548.29
CLM-000624,POL-004341,General Liability,Restaurants & Food Service,GA,2024-03-04,2024-04-02,29,Completed Operations,Open,1830.59,6988.12,1680.01,8818.71,10498.72
CLM-000625,POL-004352,Professional Liability,Healthcare Services,AZ,2024-11-10,2025-05-25,196,Misrepresentation,Open,6435.8,6756.43,874.86,13192.23,14067.09
CLM-000626,POL-004361,BOP,Restaurants & Food Service,IL,2025-06-06,2025-06-24,18,Fire,Closed,1828.73,0.0,215.47,1828.73,2044.2
CLM-000627,POL-004363,General Liability,Retail,FL,2024-07-08,2024-10-05,89,Personal & Advertising Injury,Closed,19223.38,0.0,2817.5,19223.38,22040.88
CLM-000628,POL-004364,General Liability,Retail,FL,2025-07-24,2026-01-31,191,Property Damage - 3rd Party,Open,12799.76,120169.03,9966.62,132968.79,142935.41
CLM-000629,POL-004368,General Liability,Contractors,NY,2025-01-29,2025-06-27,149,Property Damage - 3rd Party,Closed,73056.05,0.0,14134.34,73056.05,87190.39
CLM-000630,POL-004369,General Liability,Contractors,NY,2025-12-23,2026-05-16,144,Products Liability,Open,2293.22,7427.75,1864.91,9720.97,11585.88
CLM-000631,POL-004370,General Liability,Healthcare Services,NY,2023-08-16,2023-08-23,7,Slip & Fall,Closed - No Pay,0.0,0.0,0.0,0.0,0.0
CLM-000632,POL-004385,General Liability,Professional Services,CA,2025-05-22,2025-06-02,11,Completed Operations,Closed,120622.86,0.0,9959.39,120622.86,130582.25
CLM-000633,POL-004397,BOP,Restaurants & Food Service,GA,2025-12-21,2026-01-04,14,Theft/Burglary,Open,4612.81,6519.86,1869.1,11132.67,13001.77
CLM-000634,POL-004401,General Liability,Restaurants & Food Service,OH,2025-12-15,2026-02-28,75,Property Damage - 3rd Party,Closed,97344.47,0.0,13123.67,97344.47,110468.14
CLM-000635,POL-004409,General Liability,Light Manufacturing,FL,2025-06-27,2025-09-11,76,Personal & Advertising Injury,Closed,19977.52,0.0,2122.74,19977.52,22100.26
CLM-000636,POL-004423,BOP,Healthcare Services,TX,2025-02-02,2025-08-18,197,Theft/Burglary,Open,4522.61,35174.82,6937.0,39697.43,46634.43
CLM-000637,POL-004441,Professional Liability,Technology,WA,2025-12-08,2026-03-06,88,Misrepresentation,Open,2916.54,51208.0,2793.22,54124.54,56917.76
CLM-000638,POL-004442,General Liability,Restaurants & Food Service,IL,2025-05-11,2025-06-24,44,Completed Operations,Closed,3638.32,0.0,549.38,3638.32,4187.7
CLM-000639,POL-004443,General Liability,Restaurants & Food Service,IL,2026-05-25,2026-06-24,30,Products Liability,Open,1058.74,2675.38,652.81,3734.12,4386.93
CLM-000640,POL-004457,General Liability,Contractors,NC,2025-10-24,2026-02-17,116,Completed Operations,Open,12440.85,21369.31,3925.05,33810.16,37735.21
CLM-000641,POL-004472,BOP,Light Manufacturing,AZ,2025-02-27,2025-05-10,72,Water Damage,Closed,5675.65,0.0,996.63,5675.65,6672.28
CLM-000642,POL-004486,General Liability,Contractors,WA,2024-08-15,2024-10-17,63,Property Damage - 3rd Party,Open,2989.84,13378.37,2889.16,16368.21,19257.37
CLM-000643,POL-004488,General Liability,Contractors,WA,2026-05-26,2026-06-08,13,Slip & Fall,Open,80289.04,90070.29,29863.97,170359.33,200223.3
CLM-000644,POL-004496,BOP,Contractors,OH,2024-11-22,2024-11-24,2,Business Interruption,Open,4270.23,5505.22,595.99,9775.45,10371.44
CLM-000645,POL-004501,BOP,Restaurants & Food Service,CA,2026-04-30,2026-05-10,10,Business Interruption,Open,3232.33,3416.32,1290.94,6648.65,7939.59
CLM-000646,POL-004509,BOP,Restaurants & Food Service,AZ,2026-06-06,2026-06-14,8,Slip & Fall,Open,1005.61,11822.17,2339.27,12827.78,15167.05
CLM-000647,POL-004518,General Liability,Light Manufacturing,FL,2024-06-29,2024-08-28,60,Products Liability,Open,14741.42,17595.8,5839.8,32337.22,38177.02
CLM-000648,POL-004524,BOP,Light Manufacturing,NY,2025-02-02,2025-03-23,49,Theft/Burglary,Closed,4204.92,0.0,852.13,4204.92,5057.05
CLM-000649,POL-004552,General Liability,Contractors,GA,2023-10-31,2023-11-10,10,Personal & Advertising Injury,Closed - No Pay,0.0,0.0,0.0,0.0,0.0
CLM-000650,POL-004553,General Liability,Contractors,AZ,2024-02-24,2024-05-27,93,Personal & Advertising Injury,Closed,13226.04,0.0,2820.52,13226.04,16046.56
CLM-000651,POL-004553,General Liability,Contractors,AZ,2024-05-16,2024-06-08,23,Products Liability,Closed,16875.92,0.0,744.15,16875.92,17620.07
CLM-000652,POL-004570,BOP,Restaurants & Food Service,CA,2024-07-20,2024-08-31,42,Slip & Fall,Closed - No Pay,0.0,0.0,0.0,0.0,0.0
CLM-000653,POL-004579,General Liability,Contractors,CA,2024-02-20,2024-02-25,5,Personal & Advertising Injury,Closed,127628.58,0.0,22259.39,127628.58,149887.97
CLM-000654,POL-004592,BOP,Restaurants & Food Service,NY,2024-08-29,2024-09-11,13,Fire,Closed,24383.99,0.0,1080.64,24383.99,25464.63
CLM-000655,POL-004592,BOP,Restaurants & Food Service,NY,2025-02-14,2025-03-18,32,Slip & Fall,Closed,15220.6,0.0,1617.4,15220.6,16838.0
CLM-000656,POL-004598,BOP,Contractors,NC,2025-03-23,2025-04-14,22,Business Interruption,Open,3432.39,8970.13,2564.68,12402.52,14967.2
CLM-000657,POL-004611,General Liability,Healthcare Services,FL,2025-07-03,2025-08-07,35,Products Liability,Closed,198091.16,0.0,27165.84,198091.16,225257.0
CLM-000658,POL-004616,BOP,Restaurants & Food Service,CA,2024-03-10,2024-03-10,0,Wind/Hail,Closed,21547.12,0.0,3254.26,21547.12,24801.38
CLM-000659,POL-004634,BOP,Real Estate,IL,2024-10-29,2024-11-20,22,Wind/Hail,Open,1041.71,963.65,435.7,2005.36,2441.06
CLM-000660,POL-004659,BOP,Light Manufacturing,AZ,2025-05-24,2025-05-25,1,Slip & Fall,Open,2550.03,3045.29,646.54,5595.32,6241.86
CLM-000661,POL-004667,General Liability,Retail,IL,2025-08-03,2025-09-13,41,Personal & Advertising Injury,Closed,93490.53,0.0,13774.51,93490.53,107265.04
CLM-000662,POL-004674,BOP,Healthcare Services,IL,2024-06-19,2024-06-23,4,Water Damage,Closed,29228.14,0.0,4867.91,29228.14,34096.05
CLM-000663,POL-004675,BOP,Healthcare Services,IL,2025-03-28,2025-04-02,5,Water Damage,Closed,33485.6,0.0,3303.21,33485.6,36788.81
CLM-000664,POL-004679,BOP,Retail,FL,2026-04-13,2026-05-03,20,Water Damage,Open,1619.84,1624.68,349.34,3244.52,3593.86
CLM-000665,POL-004687,General Liability,Light Manufacturing,AZ,2024-05-01,2024-05-28,27,Completed Operations,Closed - No Pay,0.0,0.0,0.0,0.0,0.0
CLM-000666,POL-004691,BOP,Restaurants & Food Service,OH,2025-02-26,2025-03-22,24,Wind/Hail,Open,294.88,1405.15,311.42,1700.03,2011.45
CLM-000667,POL-004691,BOP,Restaurants & Food Service,OH,2025-08-12,2025-09-07,26,Water Damage,Open,658.34,1919.98,205.52,2578.32,2783.84
CLM-000668,POL-004697,General Liability,Light Manufacturing,GA,2025-05-20,2025-06-10,21,Personal & Advertising Injury,Open,19054.44,16845.99,5637.75,35900.43,41538.18
CLM-000669,POL-004698,General Liability,Light Manufacturing,GA,2025-07-10,2026-04-22,286,Products Liability,Open,4231.69,68675.43,7077.02,72907.12,79984.14
CLM-000670,POL-004711,BOP,Retail,CA,2025-12-19,2026-01-17,29,Theft/Burglary,Open,2309.14,17513.29,2159.81,19822.43,21982.24
CLM-000671,POL-004716,General Liability,Contractors,GA,2023-08-03,2023-08-31,28,Property Damage - 3rd Party,Closed,103387.75,0.0,5302.34,103387.75,108690.09
CLM-000672,POL-004716,General Liability,Contractors,GA,2023-09-17,2023-10-08,21,Completed Operations,Open,9744.05,14624.12,1729.47,24368.17,26097.64
CLM-000673,POL-004733,General Liability,Technology,NY,2023-12-17,2024-03-04,78,Completed Operations,Open,1705.72,2043.73,309.74,3749.45,4059.19
CLM-000674,POL-004743,General Liability,Contractors,NC,2026-04-03,2026-04-26,23,Slip & Fall,Open,20612.07,61537.93,8345.59,82150.0,90495.59
CLM-000675,POL-004743,General Liability,Contractors,NC,2025-12-26,2026-03-16,80,Slip & Fall,Open,14041.77,47192.17,13152.76,61233.94,74386.7
CLM-000676,POL-004765,General Liability,Professional Services,FL,2024-05-29,2024-10-04,128,Completed Operations,Closed,3628.37,0.0,700.03,3628.37,4328.4
CLM-000677,POL-004777,General Liability,Light Manufacturing,WA,2024-07-01,2024-10-20,111,Completed Operations,Closed - No Pay,0.0,0.0,0.0,0.0,0.0
CLM-000678,POL-004782,BOP,Restaurants & Food Service,IL,2024-07-19,2024-08-17,29,Fire,Closed,5485.82,0.0,993.19,5485.82,6479.01
CLM-000679,POL-004796,BOP,Real Estate,TX,2025-03-28,2025-03-29,1,Business Interruption,Closed,250.0,0.0,39.57,250.0,289.57
CLM-000680,POL-004796,BOP,Real Estate,TX,2026-02-26,2026-04-08,41,Business Interruption,Open,274.56,2950.44,580.88,3225.0,3805.88
CLM-000681,POL-004809,General Liability,Contractors,FL,2024-11-16,2025-07-08,234,Products Liability,Open,56456.11,203526.44,21731.86,259982.55,281714.41
CLM-000682,POL-004809,General Liability,Contractors,FL,2024-09-02,2024-10-06,34,Products Liability,Closed,15475.61,0.0,2118.42,15475.61,17594.03
CLM-000683,POL-004828,General Liability,Retail,IL,2025-04-15,2025-06-24,70,Property Damage - 3rd Party,Closed,16779.07,0.0,1453.9,16779.07,18232.97
CLM-000684,POL-004839,BOP,Retail,TX,2023-09-10,2023-11-03,54,Business Interruption,Closed - No Pay,0.0,0.0,0.0,0.0,0.0
CLM-000685,POL-004850,Professional Liability,Professional Services,FL,2024-03-03,2024-03-17,14,Breach of Duty,Open,11204.92,27525.33,4083.15,38730.25,42813.4
CLM-000686,POL-004851,BOP,Restaurants & Food Service,CA,2024-09-26,2024-10-05,9,Theft/Burglary,Open,1000.54,3871.24,916.6,4871.78,5788.38
CLM-000687,POL-004859,General Liability,Contractors,OH,2025-08-10,2025-08-25,15,Slip & Fall,Open,2375.03,13607.86,729.71,15982.89,16712.6
CLM-000688,POL-004860,General Liability,Contractors,OH,2025-12-31,2026-06-14,165,Property Damage - 3rd Party,Open,20660.14,25298.15,6131.93,45958.29,52090.22
CLM-000689,POL-004867,Professional Liability,Professional Services,FL,2024-12-01,2025-03-08,97,Negligent Act,Closed,32997.59,0.0,2839.89,32997.59,35837.48
CLM-000690,POL-004870,General Liability,Restaurants & Food Service,FL,2025-07-22,2025-11-25,126,Products Liability,Open,985.19,9513.8,1288.62,10498.99,11787.61
CLM-000691,POL-004874,BOP,Contractors,WA,2023-09-13,2023-09-20,7,Business Interruption,Closed,1751.86,0.0,125.93,1751.86,1877.79
CLM-000692,POL-004876,BOP,Contractors,WA,2025-11-18,2025-12-23,35,Wind/Hail,Open,10472.85,14305.46,4175.45,24778.31,28953.76
CLM-000693,POL-004877,Professional Liability,Professional Services,WA,2024-04-24,2024-10-24,183,Misrepresentation,Closed,85257.82,0.0,6294.13,85257.82,91551.95
CLM-000694,POL-004880,BOP,Retail,OH,2025-08-19,2025-09-18,30,Slip & Fall,Open,2348.04,2205.95,955.76,4553.99,5509.75
CLM-000695,POL-004886,General Liability,Contractors,OH,2024-02-21,2024-04-14,53,Slip & Fall,Closed,32845.84,0.0,4598.14,32845.84,37443.98
CLM-000696,POL-004894,General Liability,Light Manufacturing,FL,2025-12-01,2026-04-15,135,Completed Operations,Open,14044.23,15506.38,5686.78,29550.61,35237.39
CLM-000697,POL-004895,General Liability,Healthcare Services,IL,2023-06-07,2023-06-15,8,Completed Operations,Open,1181.24,4997.74,931.25,6178.98,7110.23
CLM-000698,POL-004896,General Liability,Healthcare Services,IL,2024-10-11,2025-01-26,107,Property Damage - 3rd Party,Open,5375.36,13174.29,2493.36,18549.65,21043.01
CLM-000699,POL-004903,BOP,Retail,TX,2026-01-29,2026-03-07,37,Slip & Fall,Open,2264.3,26176.63,3820.98,28440.93,32261.91
CLM-000700,POL-004906,BOP,Professional Services,NY,2025-06-05,2025-08-07,63,Slip & Fall,Closed,6798.02,0.0,1235.2,6798.02,8033.22
CLM-000701,POL-004916,General Liability,Light Manufacturing,IL,2025-01-30,2025-10-02,245,Property Damage - 3rd Party,Closed,22183.61,0.0,4084.98,22183.61,26268.59
CLM-000702,POL-004927,General Liability,Restaurants & Food Service,AZ,2025-04-16,2025-04-21,5,Property Damage - 3rd Party,Closed,1206.03,0.0,154.11,1206.03,1360.14
CLM-000703,POL-004931,General Liability,Retail,AZ,2025-07-20,2026-03-25,248,Completed Operations,Closed,10331.24,0.0,1077.39,10331.24,11408.63
CLM-000704,POL-004939,BOP,Contractors,IL,2026-06-18,2026-06-25,7,Business Interruption,Open,4222.18,4281.71,1089.25,8503.89,9593.14
CLM-000705,POL-004944,BOP,Real Estate,TX,2026-02-17,2026-03-24,35,Theft/Burglary,Open,2782.02,3894.97,1371.23,6676.99,8048.22
CLM-000706,POL-004952,BOP,Retail,NC,2025-03-16,2025-05-29,74,Slip & Fall,Open,969.88,1808.09,288.85,2777.97,3066.82
CLM-000707,POL-004955,BOP,Retail,TX,2026-05-08,2026-05-15,7,Water Damage,Open,1242.08,1072.39,133.18,2314.47,2447.65
CLM-000708,POL-004970,BOP,Retail,NC,2025-07-10,2025-07-31,21,Slip & Fall,Closed,2724.31,0.0,597.79,2724.31,3322.1
CLM-000709,POL-004993,BOP,Restaurants & Food Service,FL,2024-05-01,2024-05-03,2,Fire,Closed,12041.02,0.0,2215.37,12041.02,14256.39
CLM-000710,POL-005007,General Liability,Contractors,FL,2024-09-09,2025-06-01,265,Property Damage - 3rd Party,Closed,295117.07,0.0,51824.94,295117.07,346942.01
CLM-000711,POL-005007,General Liability,Contractors,FL,2024-09-30,2024-10-17,17,Personal & Advertising Injury,Closed,24027.0,0.0,1172.95,24027.0,25199.95
CLM-000712,POL-005008,General Liability,Contractors,FL,2025-11-14,2026-02-18,96,Products Liability,Open,10411.0,12311.61,3784.48,22722.61,26507.09
CLM-000713,POL-005009,Professional Liability,Healthcare Services,GA,2025-08-27,2025-10-26,60,Failure to Deliver,Closed,305894.0,0.0,40126.03,305894.0,346020.03
CLM-000714,POL-005021,BOP,Light Manufacturing,OH,2024-10-02,2024-10-12,10,Business Interruption,Closed,7991.78,0.0,485.37,7991.78,8477.15
CLM-000715,POL-005026,BOP,Retail,NY,2024-08-16,2024-09-03,18,Business Interruption,Closed,9026.89,0.0,1770.21,9026.89,10797.1
CLM-000716,POL-005028,General Liability,Contractors,CA,2024-06-01,2024-06-03,2,Personal & Advertising Injury,Open,4806.81,15796.32,1206.95,20603.13,21810.08
CLM-000717,POL-005029,General Liability,Contractors,CA,2024-09-18,2024-10-18,30,Products Liability,Closed,123309.57,0.0,9661.98,123309.57,132971.55
CLM-000718,POL-005035,BOP,Restaurants & Food Service,NY,2025-05-22,2025-06-11,20,Wind/Hail,Closed,8567.09,0.0,1312.63,8567.09,9879.72
CLM-000719,POL-005037,BOP,Contractors,NY,2023-09-21,2023-11-07,47,Water Damage,Open,574.11,2374.33,152.24,2948.44,3100.68
CLM-000720,POL-005039,BOP,Contractors,NY,2025-12-31,2026-01-10,10,Wind/Hail,Open,86.84,595.29,105.83,682.13,787.96
CLM-000721,POL-005043,BOP,Restaurants & Food Service,IL,2024-02-21,2024-04-13,52,Business Interruption,Closed,5753.53,0.0,619.04,5753.53,6372.57
CLM-000722,POL-005049,General Liability,Healthcare Services,TX,2023-12-26,2024-05-12,138,Slip & Fall,Closed,712.85,0.0,143.77,712.85,856.62
CLM-000723,POL-005050,General Liability,Healthcare Services,TX,2025-07-18,2025-10-15,89,Products Liability,Closed,33682.02,0.0,4395.72,33682.02,38077.74
CLM-000724,POL-005056,BOP,Retail,TX,2023-07-18,2023-08-13,26,Fire,Closed,45033.09,0.0,7376.87,45033.09,52409.96
CLM-000725,POL-005057,BOP,Retail,TX,2024-05-06,2024-06-07,32,Theft/Burglary,Closed,5324.6,0.0,533.19,5324.6,5857.79
CLM-000726,POL-005061,BOP,Restaurants & Food Service,CA,2023-10-03,2023-10-06,3,Slip & Fall,Closed,7560.94,0.0,1208.09,7560.94,8769.03
CLM-000727,POL-005070,BOP,Real Estate,IL,2026-05-09,2026-06-17,39,Slip & Fall,Open,7382.21,17665.43,4601.27,25047.64,29648.91
CLM-000728,POL-005079,Professional Liability,Professional Services,NC,2024-02-20,2024-07-26,157,Breach of Duty,Open,21015.7,30862.44,7879.89,51878.14,59758.03
CLM-000729,POL-005085,BOP,Light Manufacturing,NY,2025-11-29,2025-12-16,17,Water Damage,Closed,1323.65,0.0,130.26,1323.65,1453.91
CLM-000730,POL-005090,BOP,Restaurants & Food Service,FL,2025-12-13,2026-01-14,32,Business Interruption,Closed,9071.59,0.0,1563.16,9071.59,10634.75
CLM-000731,POL-005102,General Liability,Contractors,FL,2024-06-20,2024-06-21,1,Slip & Fall,Closed,9383.0,0.0,1945.38,9383.0,11328.38
CLM-000732,POL-005110,BOP,Retail,CA,2024-08-03,2024-08-04,1,Water Damage,Closed,3744.38,0.0,296.4,3744.38,4040.78
CLM-000733,POL-005115,BOP,Real Estate,TX,2026-05-08,2026-05-13,5,Water Damage,Closed,10115.84,0.0,1165.87,10115.84,11281.71
CLM-000734,POL-005120,BOP,Real Estate,GA,2026-01-01,2026-01-30,29,Business Interruption,Closed,35196.49,0.0,4435.49,35196.49,39631.98
CLM-000735,POL-005120,BOP,Real Estate,GA,2026-04-21,2026-04-25,4,Business Interruption,Open,1970.61,3315.45,251.5,5286.06,5537.56
CLM-000736,POL-005125,General Liability,Contractors,NC,2024-09-17,2024-11-01,45,Personal & Advertising Injury,Closed,189679.43,0.0,33853.77,189679.43,223533.2
CLM-000737,POL-005127,General Liability,Contractors,NY,2025-08-10,2025-09-08,29,Personal & Advertising Injury,Closed,5590.76,0.0,1201.1,5590.76,6791.86
CLM-000738,POL-005132,Professional Liability,Professional Services,IL,2025-10-02,2025-10-03,1,Negligent Act,Closed,59392.27,0.0,3883.14,59392.27,63275.41
CLM-000739,POL-005135,General Liability,Contractors,AZ,2024-03-03,2024-05-19,77,Slip & Fall,Closed - No Pay,0.0,0.0,0.0,0.0,0.0
CLM-000740,POL-005137,General Liability,Contractors,AZ,2025-09-26,2025-09-28,2,Slip & Fall,Open,3694.8,57556.61,8151.15,61251.41,69402.56
CLM-000741,POL-005146,General Liability,Contractors,CA,2023-11-18,2024-05-05,169,Products Liability,Closed - No Pay,0.0,0.0,0.0,0.0,0.0
CLM-000742,POL-005147,General Liability,Contractors,CA,2024-06-26,2024-07-23,27,Completed Operations,Closed,48994.49,0.0,3136.51,48994.49,52131.0
CLM-000743,POL-005148,General Liability,Contractors,CA,2025-10-08,2025-12-17,70,Property Damage - 3rd Party,Open,11455.8,140627.52,12058.15,152083.32,164141.47
CLM-000744,POL-005153,BOP,Light Manufacturing,GA,2025-10-10,2025-10-11,1,Fire,Closed,32942.43,0.0,3820.28,32942.43,36762.71
CLM-000745,POL-005155,BOP,Restaurants & Food Service,NY,2023-12-17,2024-02-19,64,Slip & Fall,Closed,5437.06,0.0,294.78,5437.06,5731.84
CLM-000746,POL-005155,BOP,Restaurants & Food Service,NY,2023-10-24,2023-11-07,14,Wind/Hail,Closed,23183.89,0.0,3588.13,23183.89,26772.02
CLM-000747,POL-005162,General Liability,Healthcare Services,NY,2024-06-14,2025-01-02,202,Products Liability,Closed,11319.32,0.0,1390.42,11319.32,12709.74
CLM-000748,POL-005169,General Liability,Real Estate,NY,2023-10-27,2024-03-29,154,Slip & Fall,Closed,15007.52,0.0,1261.07,15007.52,16268.59
CLM-000749,POL-005170,General Liability,Real Estate,NY,2024-11-20,2024-11-27,7,Slip & Fall,Closed,92404.5,0.0,13017.02,92404.5,105421.52
CLM-000750,POL-005178,BOP,Professional Services,IL,2024-10-26,2024-12-04,39,Wind/Hail,Closed,41226.08,0.0,5240.04,41226.08,46466.12
CLM-000751,POL-005185,BOP,Healthcare Services,CA,2024-01-13,2024-01-19,6,Slip & Fall,Closed,45254.32,0.0,3981.78,45254.32,49236.1
CLM-000752,POL-005188,General Liability,Contractors,NY,2023-12-13,2023-12-31,18,Products Liability,Open,12289.44,23466.58,6371.5,35756.02,42127.52
CLM-000753,POL-005189,General Liability,Contractors,NY,2024-11-14,2024-11-14,0,Completed Operations,Closed,15387.37,0.0,1954.24,15387.37,17341.61
CLM-000754,POL-005204,Professional Liability,Healthcare Services,OH,2024-12-02,2025-11-13,346,Misrepresentation,Open,8848.85,52882.73,3304.11,61731.58,65035.69
CLM-000755,POL-005214,BOP,Light Manufacturing,CA,2025-03-13,2025-04-15,33,Slip & Fall,Open,225.54,839.57,176.6,1065.11,1241.71
CLM-000756,POL-005215,BOP,Light Manufacturing,CA,2026-04-01,2026-04-23,22,Slip & Fall,Open,11508.29,12425.43,5106.79,23933.72,29040.51
CLM-000757,POL-005216,BOP,Professional Services,WA,2023-06-25,2023-07-18,23,Wind/Hail,Closed,3728.37,0.0,443.33,3728.37,4171.7
CLM-000758,POL-005225,General Liability,Retail,NY,2025-05-17,2025-09-21,127,Personal & Advertising Injury,Closed,80632.66,0.0,17170.08,80632.66,97802.74
CLM-000759,POL-005230,General Liability,Contractors,IL,2024-06-20,2024-06-30,10,Slip & Fall,Open,7934.39,16730.59,1591.26,24664.98,26256.24
CLM-000760,POL-005233,BOP,Contractors,WA,2023-10-16,2023-11-03,18,Theft/Burglary,Open,752.69,3646.58,417.67,4399.27,4816.94
CLM-000761,POL-005240,Professional Liability,Healthcare Services,TX,2025-05-30,2025-06-10,11,Regulatory Proceeding,Closed,49118.13,0.0,10621.49,49118.13,59739.62
CLM-000762,POL-005249,General Liability,Retail,CA,2025-07-05,2025-09-24,81,Property Damage - 3rd Party,Open,626.89,1264.1,203.69,1890.99,2094.68
CLM-000763,POL-005258,BOP,Retail,GA,2024-09-16,2024-10-13,27,Slip & Fall,Open,608.53,9945.24,2153.75,10553.77,12707.52
CLM-000764,POL-005267,General Liability,Contractors,OH,2025-05-24,2025-08-04,72,Slip & Fall,Closed,44383.58,0.0,3107.19,44383.58,47490.77
CLM-000765,POL-005270,General Liability,Contractors,IL,2024-07-12,2024-08-04,23,Products Liability,Closed,120372.59,0.0,9007.61,120372.59,129380.2
CLM-000766,POL-005271,General Liability,Contractors,IL,2025-07-28,2025-08-09,12,Completed Operations,Closed,25773.7,0.0,1444.69,25773.7,27218.39
CLM-000767,POL-005274,BOP,Retail,NY,2025-01-28,2025-02-04,7,Theft/Burglary,Open,537.08,1149.93,291.07,1687.01,1978.08
CLM-000768,POL-005286,General Liability,Contractors,FL,2026-04-06,2026-04-27,21,Property Damage - 3rd Party,Closed,2741.25,0.0,127.99,2741.25,2869.24
CLM-000769,POL-005290,BOP,Real Estate,GA,2025-12-24,2026-01-12,19,Slip & Fall,Open,1371.37,19700.81,3467.86,21072.18,24540.04
CLM-000770,POL-005291,General Liability,Contractors,FL,2023-09-07,2024-03-23,198,Products Liability,Closed,29308.09,0.0,6052.09,29308.09,35360.18
CLM-000771,POL-005295,General Liability,Light Manufacturing,OH,2023-09-07,2023-12-11,95,Slip & Fall,Closed,15343.27,0.0,1953.93,15343.27,17297.2
CLM-000772,POL-005301,General Liability,Restaurants & Food Service,IL,2024-07-03,2024-09-10,69,Property Damage - 3rd Party,Closed,39923.97,0.0,8702.14,39923.97,48626.11
CLM-000773,POL-005310,BOP,Contractors,AZ,2026-04-02,2026-05-14,42,Slip & Fall,Open,20019.11,49202.64,8253.36,69221.75,77475.11
CLM-000774,POL-005318,General Liability,Contractors,TX,2025-05-22,2025-08-18,88,Slip & Fall,Closed - No Pay,0.0,0.0,0.0,0.0,0.0
CLM-000775,POL-005319,General Liability,Contractors,TX,2026-05-25,2026-05-27,2,Slip & Fall,Open,7343.28,27689.2,2021.46,35032.48,37053.94
CLM-000776,POL-005321,BOP,Real Estate,CA,2025-10-12,2025-11-14,33,Fire,Closed,22963.25,0.0,4600.16,22963.25,27563.41
CLM-000777,POL-005322,BOP,Light Manufacturing,OH,2025-01-19,2025-02-24,36,Business Interruption,Closed,6822.09,0.0,752.69,6822.09,7574.78
CLM-000778,POL-005322,BOP,Light Manufacturing,OH,2025-04-05,2025-04-19,14,Water Damage,Closed,28474.17,0.0,1517.51,28474.17,29991.68
CLM-000779,POL-005328,General Liability,Retail,CA,2025-01-24,2025-02-28,35,Property Damage - 3rd Party,Closed,42132.87,0.0,5480.0,42132.87,47612.87
CLM-000780,POL-005334,General Liability,Contractors,AZ,2024-02-13,2024-04-14,61,Completed Operations,Closed,355633.46,0.0,41871.88,355633.46,397505.34
CLM-000781,POL-005337,BOP,Contractors,FL,2025-05-27,2025-05-31,4,Wind/Hail,Open,811.81,2196.2,462.62,3008.01,3470.63
CLM-000782,POL-005337,BOP,Contractors,FL,2024-08-19,2024-11-03,76,Slip & Fall,Closed,6092.06,0.0,1309.81,6092.06,7401.87
CLM-000783,POL-005363,General Liability,Restaurants & Food Service,FL,2025-07-25,2025-07-30,5,Products Liability,Open,9326.86,79598.81,17376.96,88925.67,106302.63
CLM-000784,POL-005365,BOP,Restaurants & Food Service,NY,2026-02-27,2026-03-16,17,Water Damage,Closed,7586.42,0.0,1622.09,7586.42,9208.51
CLM-000785,POL-005373,BOP,Retail,FL,2025-02-11,2025-03-06,23,Theft/Burglary,Open,3334.29,3395.55,648.72,6729.84,7378.56
CLM-000786,POL-005376,BOP,Restaurants & Food Service,CA,2026-05-10,2026-06-19,40,Business Interruption,Open,3936.47,3383.97,1063.19,7320.44,8383.63
CLM-000787,POL-005378,BOP,Restaurants & Food Service,FL,2026-04-24,2026-05-25,31,Slip & Fall,Open,8393.45,8790.89,1049.93,17184.34,18234.27
CLM-000788,POL-005381,BOP,Restaurants & Food Service,IL,2024-03-06,2024-04-06,31,Wind/Hail,Closed,12399.7,0.0,2184.83,12399.7,14584.53
CLM-000789,POL-005385,BOP,Retail,FL,2026-02-03,2026-03-26,51,Wind/Hail,Open,573.77,5870.99,443.05,6444.76,6887.81
CLM-000790,POL-005387,BOP,Contractors,TX,2025-06-05,2025-07-27,52,Water Damage,Closed,32315.29,0.0,1544.16,32315.29,33859.45
CLM-000791,POL-005395,General Liability,Real Estate,NC,2025-07-29,2026-04-19,264,Completed Operations,Open,4163.5,49021.06,10999.43,53184.56,64183.99
CLM-000792,POL-005420,BOP,Restaurants & Food Service,IL,2024-12-11,2025-02-06,57,Business Interruption,Closed,28772.83,0.0,2290.5,28772.83,31063.33
CLM-000793,POL-005428,BOP,Retail,CA,2025-03-08,2025-03-17,9,Wind/Hail,Open,858.9,1050.45,241.52,1909.35,2150.87
CLM-000794,POL-005437,BOP,Contractors,TX,2026-01-07,2026-01-31,24,Wind/Hail,Open,806.31,10863.43,2267.91,11669.74,13937.65
CLM-000795,POL-005445,General Liability,Restaurants & Food Service,NY,2024-06-14,2024-10-02,110,Slip & Fall,Open,2914.51,44249.41,7192.49,47163.92,54356.41
CLM-000796,POL-005454,BOP,Professional Services,IL,2025-01-30,2025-03-08,37,Wind/Hail,Closed,18706.71,0.0,2556.4,18706.71,21263.11
CLM-000797,POL-005461,BOP,Contractors,NC,2025-02-10,2025-03-05,23,Business Interruption,Open,14923.04,23405.38,3276.35,38328.42,41604.77
CLM-000798,POL-005463,General Liability,Contractors,IL,2025-03-20,2025-10-03,197,Products Liability,Open,12732.24,20986.18,2257.15,33718.42,35975.57
CLM-000799,POL-005464,General Liability,Contractors,IL,2026-02-12,2026-06-10,118,Products Liability,Open,11461.78,22002.37,3563.92,33464.15,37028.07
CLM-000800,POL-005464,General Liability,Contractors,IL,2026-01-06,2026-01-09,3,Personal & Advertising Injury,Open,8573.94,26973.45,3952.18,35547.39,39499.57
CLM-000801,POL-005471,BOP,Retail,NC,2026-06-10,2026-06-24,14,Wind/Hail,Open,596.2,8250.02,625.88,8846.22,9472.1
CLM-000802,POL-005472,BOP,Restaurants & Food Service,IL,2024-05-03,2024-05-09,6,Theft/Burglary,Closed,31226.57,0.0,2626.21,31226.57,33852.78
CLM-000803,POL-005476,BOP,Restaurants & Food Service,IL,2023-10-08,2023-10-09,1,Water Damage,Closed,125923.36,0.0,6922.44,125923.36,132845.8
CLM-000804,POL-005477,BOP,Real Estate,OH,2024-03-10,2024-03-16,6,Business Interruption,Closed - No Pay,0.0,0.0,0.0,0.0,0.0
CLM-000805,POL-005479,General Liability,Contractors,OH,2025-05-13,2025-05-28,15,Property Damage - 3rd Party,Open,25199.78,108290.66,12760.43,133490.44,146250.87
CLM-000806,POL-005483,BOP,Real Estate,CA,2025-08-04,2025-08-20,16,Theft/Burglary,Open,2134.09,4436.24,1051.57,6570.33,7621.9
CLM-000807,POL-005490,BOP,Professional Services,NY,2025-07-24,2025-08-02,9,Theft/Burglary,Open,4067.95,18638.5,4172.79,22706.45,26879.24
CLM-000808,POL-005491,BOP,Real Estate,TX,2024-12-09,2025-01-01,23,Water Damage,Closed,6711.2,0.0,671.3,6711.2,7382.5
CLM-000809,POL-005500,BOP,Retail,CA,2024-12-13,2025-01-15,33,Business Interruption,Closed - No Pay,0.0,0.0,0.0,0.0,0.0
CLM-000810,POL-005507,BOP,Contractors,IL,2025-01-30,2025-01-30,0,Slip & Fall,Closed,6150.5,0.0,571.26,6150.5,6721.76
CLM-000811,POL-005510,General Liability,Contractors,IL,2025-10-13,2026-04-02,171,Personal & Advertising Injury,Open,4389.48,38824.29,2073.53,43213.77,45287.3
CLM-000812,POL-005513,General Liability,Contractors,CA,2025-08-25,2025-09-14,20,Personal & Advertising Injury,Open,10278.72,15627.81,2271.46,25906.53,28177.99
CLM-000813,POL-005521,BOP,Real Estate,TX,2023-07-07,2023-07-08,1,Slip & Fall,Closed,18342.97,0.0,4002.82,18342.97,22345.79
CLM-000814,POL-005522,BOP,Real Estate,TX,2025-01-08,2025-02-21,44,Theft/Burglary,Open,170.27,192.04,49.85,362.31,412.16
CLM-000815,POL-005529,General Liability,Light Manufacturing,OH,2026-03-12,2026-04-19,38,Slip & Fall,Open,5153.03,14007.71,3832.75,19160.74,22993.49
CLM-000816,POL-005535,BOP,Restaurants & Food Service,NY,2025-06-21,2025-07-09,18,Theft/Burglary,Open,1336.2,13580.73,2141.43,14916.93,17058.36
CLM-000817,POL-005545,General Liability,Contractors,GA,2023-07-05,2023-09-25,82,Property Damage - 3rd Party,Open,14257.95,24847.36,1611.44,39105.31,40716.75
CLM-000818,POL-005551,General Liability,Healthcare Services,NY,2025-12-08,2025-12-24,16,Slip & Fall,Closed,7740.13,0.0,1433.73,7740.13,9173.86
CLM-000819,POL-005557,BOP,Restaurants & Food Service,FL,2025-02-11,2025-02-14,3,Wind/Hail,Closed - No Pay,0.0,0.0,0.0,0.0,0.0
CLM-000820,POL-005560,BOP,Restaurants & Food Service,OH,2024-11-13,2025-01-21,69,Wind/Hail,Open,493.45,3301.31,419.93,3794.76,4214.69
CLM-000821,POL-005560,BOP,Restaurants & Food Service,OH,2024-08-23,2024-09-12,20,Water Damage,Closed,8928.54,0.0,1591.99,8928.54,10520.53
CLM-000822,POL-005560,BOP,Restaurants & Food Service,OH,2025-07-12,2025-08-10,29,Business Interruption,Open,1388.05,8210.16,1660.37,9598.21,11258.58
CLM-000823,POL-005561,BOP,Retail,IL,2023-09-08,2023-09-27,19,Slip & Fall,Closed,16152.63,0.0,911.79,16152.63,17064.42
CLM-000824,POL-005563,BOP,Retail,IL,2026-02-06,2026-02-06,0,Theft/Burglary,Closed,4566.09,0.0,300.39,4566.09,4866.48
CLM-000825,POL-005566,General Liability,Real Estate,WA,2025-02-03,2025-02-04,1,Personal & Advertising Injury,Closed,37919.86,0.0,6977.5,37919.86,44897.36
CLM-000826,POL-005581,General Liability,Contractors,NY,2024-10-24,2024-12-09,46,Completed Operations,Open,38926.09,77800.85,23514.28,116726.94,140241.22
CLM-000827,POL-005581,General Liability,Contractors,NY,2025-02-16,2025-07-01,135,Personal & Advertising Injury,Closed,15825.05,0.0,1655.99,15825.05,17481.04
CLM-000828,POL-005581,General Liability,Contractors,NY,2025-04-06,2025-06-19,74,Property Damage - 3rd Party,Closed,777.41,0.0,137.85,777.41,915.26
CLM-000829,POL-005593,Professional Liability,Healthcare Services,IL,2024-12-13,2025-02-12,61,Negligent Act,Open,1120.14,8256.09,1792.26,9376.23,11168.49
CLM-000830,POL-005594,General Liability,Contractors,AZ,2023-05-17,2023-08-16,91,Slip & Fall,Closed,45259.31,0.0,2837.21,45259.31,48096.52
CLM-000831,POL-005600,BOP,Contractors,NY,2023-08-12,2023-08-21,9,Slip & Fall,Closed,3162.45,0.0,282.35,3162.45,3444.8
CLM-000832,POL-005604,BOP,Restaurants & Food Service,CA,2024-08-16,2024-09-05,20,Fire,Closed,4720.5,0.0,580.65,4720.5,5301.15
CLM-000833,POL-005604,BOP,Restaurants & Food Service,CA,2024-08-20,2024-09-05,16,Fire,Closed,1469.71,0.0,288.68,1469.71,1758.39
CLM-000834,POL-005626,General Liability,Contractors,IL,2025-02-17,2025-07-03,136,Slip & Fall,Closed,146540.27,0.0,7104.25,146540.27,153644.52
CLM-000835,POL-005626,General Liability,Contractors,IL,2025-10-17,2025-11-14,28,Products Liability,Open,2149.75,4735.45,1409.46,6885.2,8294.66
CLM-000836,POL-005629,General Liability,Light Manufacturing,TX,2024-09-21,2024-10-16,25,Slip & Fall,Closed,4166.72,0.0,682.41,4166.72,4849.13
CLM-000837,POL-005654,General Liability,Real Estate,TX,2024-11-11,2025-01-24,74,Slip & Fall,Closed,18304.12,0.0,2592.4,18304.12,20896.52
CLM-000838,POL-005680,General Liability,Contractors,AZ,2025-10-25,2025-12-17,53,Slip & Fall,Open,32709.64,177462.1,28108.9,210171.74,238280.64
CLM-000839,POL-005682,BOP,Contractors,GA,2023-06-11,2023-07-11,30,Fire,Closed,10111.5,0.0,1325.83,10111.5,11437.33
CLM-000840,POL-005683,BOP,Contractors,GA,2024-12-27,2024-12-28,1,Wind/Hail,Open,884.85,825.29,278.55,1710.14,1988.69
CLM-000841,POL-005683,BOP,Contractors,GA,2024-01-12,2024-01-16,4,Theft/Burglary,Closed,2549.22,0.0,273.6,2549.22,2822.82
CLM-000842,POL-005685,BOP,Contractors,GA,2026-05-21,2026-05-28,7,Business Interruption,Open,4807.74,6540.38,455.24,11348.12,11803.36
CLM-000843,POL-005690,BOP,Healthcare Services,CA,2024-05-18,2024-06-30,43,Wind/Hail,Open,13610.96,54383.41,10198.07,67994.37,78192.44
CLM-000844,POL-005701,BOP,Retail,TX,2023-07-07,2023-07-29,22,Wind/Hail,Open,535.42,9072.39,693.95,9607.81,10301.76
CLM-000845,POL-005701,BOP,Retail,TX,2023-07-23,2023-10-30,99,Business Interruption,Closed,5677.08,0.0,575.5,5677.08,6252.58
CLM-000846,POL-005703,BOP,Retail,TX,2026-02-22,2026-04-14,51,Water Damage,Open,3894.7,22442.32,3697.27,26337.02,30034.29
CLM-000847,POL-005705,BOP,Contractors,IL,2024-11-24,2024-11-25,1,Water Damage,Closed - No Pay,0.0,0.0,0.0,0.0,0.0
CLM-000848,POL-005746,BOP,Retail,TX,2026-02-17,2026-03-09,20,Wind/Hail,Closed,3725.13,0.0,773.14,3725.13,4498.27
CLM-000849,POL-005751,BOP,Retail,GA,2024-05-05,2024-05-30,25,Slip & Fall,Closed,8250.88,0.0,732.59,8250.88,8983.47
CLM-000850,POL-005753,BOP,Retail,GA,2025-10-05,2025-12-05,61,Theft/Burglary,Closed,2949.78,0.0,394.55,2949.78,3344.33
CLM-000851,POL-005770,General Liability,Retail,TX,2024-04-02,2024-10-30,211,Products Liability,Open,2461.32,5461.78,566.94,7923.1,8490.04
CLM-000852,POL-005785,General Liability,Light Manufacturing,FL,2024-04-25,2024-05-20,25,Completed Operations,Open,374028.59,354561.62,132028.24,728590.21,860618.45
CLM-000853,POL-005803,BOP,Restaurants & Food Service,FL,2023-12-06,2024-01-01,26,Wind/Hail,Closed,5037.99,0.0,562.77,5037.99,5600.76
CLM-000854,POL-005813,BOP,Contractors,FL,2026-04-02,2026-04-30,28,Slip & Fall,Open,2211.46,4316.99,1265.05,6528.45,7793.5
CLM-000855,POL-005834,BOP,Restaurants & Food Service,WA,2025-08-24,2025-08-24,0,Theft/Burglary,Open,9790.4,15630.68,4747.72,25421.08,30168.8
CLM-000856,POL-005841,General Liability,Real Estate,WA,2025-09-09,2026-01-29,142,Products Liability,Open,22234.95,18301.27,4963.49,40536.22,45499.71
CLM-000857,POL-005843,BOP,Retail,NC,2026-05-24,2026-06-29,36,Water Damage,Open,16166.75,20873.66,2768.68,37040.41,39809.09
CLM-000858,POL-005845,General Liability,Retail,NY,2023-09-26,2024-04-21,208,Slip & Fall,Open,21117.85,30948.38,4238.0,52066.23,56304.23
CLM-000859,POL-005846,General Liability,Retail,NY,2024-03-10,2024-07-26,138,Property Damage - 3rd Party,Open,2013.68,3824.92,1070.08,5838.6,6908.68
CLM-000860,POL-005850,BOP,Retail,NY,2025-09-22,2025-10-04,12,Slip & Fall,Closed,3191.38,0.0,406.55,3191.38,3597.93
CLM-000861,POL-005854,General Liability,Restaurants & Food Service,OH,2025-11-20,2026-04-06,137,Personal & Advertising Injury,Open,12052.54,13789.56,5124.97,25842.1,30967.07
CLM-000862,POL-005857,BOP,Contractors,CA,2025-02-13,2025-02-23,10,Water Damage,Open,1299.34,2351.21,420.03,3650.55,4070.58
CLM-000863,POL-005862,General Liability,Contractors,FL,2024-02-21,2024-05-26,95,Products Liability,Closed,12473.14,0.0,1039.59,12473.14,13512.73
CLM-000864,POL-005865,General Liability,Retail,FL,2023-10-17,2025-01-17,458,Completed Operations,Open,551.5,6798.14,1374.32,7349.64,8723.96
CLM-000865,POL-005870,BOP,Light Manufacturing,GA,2024-03-24,2024-05-27,64,Fire,Closed,190408.58,0.0,31552.31,190408.58,221960.89
CLM-000866,POL-005877,General Liability,Healthcare Services,CA,2024-07-19,2024-08-20,32,Property Damage - 3rd Party,Closed,213556.75,0.0,12387.2,213556.75,225943.95
CLM-000867,POL-005880,General Liability,Real Estate,IL,2025-10-08,2025-12-19,72,Slip & Fall,Open,3063.83,6728.99,2102.1,9792.82,11894.92
CLM-000868,POL-005894,General Liability,Healthcare Services,AZ,2024-10-21,2024-11-12,22,Products Liability,Closed,4582.58,0.0,183.44,4582.58,4766.02
CLM-000869,POL-005908,General Liability,Healthcare Services,NC,2023-07-28,2023-08-26,29,Personal & Advertising Injury,Closed,125103.72,0.0,5802.71,125103.72,130906.43
CLM-000870,POL-005910,General Liability,Healthcare Services,NC,2025-10-19,2025-11-07,19,Products Liability,Closed,30032.04,0.0,1597.49,30032.04,31629.53
CLM-000871,POL-005913,General Liability,Contractors,OH,2024-08-17,2025-08-08,356,Completed Operations,Open,24674.72,101320.28,19330.15,125995.0,145325.15
CLM-000872,POL-005914,General Liability,Contractors,OH,2026-03-05,2026-03-15,10,Products Liability,Closed,132371.9,0.0,16991.45,132371.9,149363.35
CLM-000873,POL-005918,BOP,Restaurants & Food Service,IL,2025-11-20,2026-01-21,62,Wind/Hail,Open,622.21,2041.04,414.99,2663.25,3078.24
CLM-000874,POL-005930,General Liability,Contractors,WA,2025-07-26,2025-07-27,1,Products Liability,Closed,6988.31,0.0,597.11,6988.31,7585.42
CLM-000875,POL-005939,General Liability,Contractors,NC,2024-08-13,2024-11-12,91,Products Liability,Closed,16320.47,0.0,2888.16,16320.47,19208.63
CLM-000876,POL-005940,General Liability,Contractors,NC,2025-04-17,2025-09-09,145,Slip & Fall,Open,3757.22,3595.75,1382.37,7352.97,8735.34
CLM-000877,POL-005944,BOP,Restaurants & Food Service,GA,2025-07-14,2025-07-21,7,Theft/Burglary,Closed,3528.91,0.0,494.99,3528.91,4023.9
CLM-000878,POL-005944,BOP,Restaurants & Food Service,GA,2025-12-20,2025-12-25,5,Wind/Hail,Open,17878.76,17340.56,7317.75,35219.32,42537.07
CLM-000879,POL-005947,General Liability,Healthcare Services,CA,2024-09-22,2025-04-27,217,Personal & Advertising Injury,Open,4839.88,17328.6,2641.17,22168.48,24809.65
CLM-000880,POL-005956,Professional Liability,Healthcare Services,NC,2024-09-14,2025-01-12,120,Misrepresentation,Closed,11987.81,0.0,1465.83,11987.81,13453.64
CLM-000881,POL-005962,BOP,Retail,OH,2025-08-26,2025-09-02,7,Business Interruption,Closed,11328.29,0.0,1650.1,11328.29,12978.39
CLM-000882,POL-005965,General Liability,Healthcare Services,CA,2026-04-08,2026-04-22,14,Completed Operations,Open,15740.19,20376.14,4415.79,36116.33,40532.12
CLM-000883,POL-005967,General Liability,Retail,IL,2024-12-25,2025-06-25,182,Slip & Fall,Open,1938.95,8061.5,494.42,10000.45,10494.87
CLM-000884,POL-005983,BOP,Restaurants & Food Service,TX,2026-05-23,2026-05-31,8,Theft/Burglary,Open,1061.5,2711.76,404.78,3773.26,4178.04
CLM-000885,POL-005990,General Liability,Light Manufacturing,CA,2026-05-13,2026-05-17,4,Completed Operations,Open,20643.8,53651.37,7578.8,74295.17,81873.97
CLM-000886,POL-005990,General Liability,Light Manufacturing,CA,2026-01-17,2026-01-30,13,Property Damage - 3rd Party,Open,5210.53,11742.24,2438.63,16952.77,19391.4
CLM-000887,POL-006000,BOP,Retail,FL,2023-12-23,2024-01-03,11,Theft/Burglary,Closed,8488.56,0.0,1712.86,8488.56,10201.42
CLM-000888,POL-006013,General Liability,Contractors,FL,2024-07-06,2024-11-18,135,Slip & Fall,Closed,36518.87,0.0,6101.53,36518.87,42620.4
CLM-000889,POL-006017,General Liability,Retail,CA,2024-07-22,2025-12-30,526,Personal & Advertising Injury,Open,14676.86,33881.96,5781.17,48558.82,54339.99
CLM-000890,POL-006032,BOP,Contractors,NY,2025-01-24,2025-02-24,31,Water Damage,Open,914.82,3380.45,291.6,4295.27,4586.87
CLM-000891,POL-006047,Professional Liability,Professional Services,FL,2026-01-23,2026-03-27,63,Failure to Deliver,Open,6137.85,13983.8,2000.8,20121.65,22122.45
CLM-000892,POL-006058,BOP,Light Manufacturing,FL,2025-04-07,2025-07-30,114,Fire,Open,392.88,1169.97,92.54,1562.85,1655.39
CLM-000893,POL-006072,General Liability,Retail,NC,2026-03-15,2026-06-18,95,Slip & Fall,Open,4535.59,37001.78,7383.96,41537.37,48921.33
CLM-000894,POL-006087,General Liability,Restaurants & Food Service,OH,2025-09-30,2025-10-03,3,Completed Operations,Closed,14294.31,0.0,1975.08,14294.31,16269.39
CLM-000895,POL-006093,BOP,Retail,IL,2024-10-23,2025-01-03,72,Wind/Hail,Closed,17831.01,0.0,2939.58,17831.01,20770.59
CLM-000896,POL-006110,BOP,Retail,NC,2025-08-25,2025-09-07,13,Theft/Burglary,Open,2534.59,13247.32,1869.43,15781.91,17651.34
CLM-000897,POL-006120,General Liability,Real Estate,AZ,2026-01-03,2026-03-11,67,Personal & Advertising Injury,Closed - No Pay,0.0,0.0,0.0,0.0,0.0
CLM-000898,POL-006131,BOP,Real Estate,OH,2025-01-21,2025-01-21,0,Slip & Fall,Closed,8207.42,0.0,1275.02,8207.42,9482.44
CLM-000899,POL-006134,General Liability,Healthcare Services,NY,2024-04-08,2024-04-25,17,Products Liability,Closed,32473.7,0.0,5070.79,32473.7,37544.49
CLM-000900,POL-006139,General Liability,Contractors,TX,2026-01-22,2026-02-24,33,Property Damage - 3rd Party,Closed,22327.81,0.0,1094.81,22327.81,23422.62
CLM-000901,POL-006142,BOP,Contractors,IL,2026-01-06,2026-01-29,23,Theft/Burglary,Closed,28379.59,0.0,5077.82,28379.59,33457.41
CLM-000902,POL-006159,BOP,Retail,FL,2024-10-15,2024-10-15,0,Theft/Burglary,Closed,8667.84,0.0,1032.05,8667.84,9699.89
CLM-000903,POL-006169,General Liability,Light Manufacturing,NC,2024-10-19,2024-12-06,48,Slip & Fall,Closed,48546.43,0.0,9966.7,48546.43,58513.13
CLM-000904,POL-006180,BOP,Healthcare Services,OH,2024-12-22,2025-01-30,39,Fire,Open,1365.06,16484.06,2253.29,17849.12,20102.41
CLM-000905,POL-006187,BOP,Light Manufacturing,TX,2023-04-07,2023-04-20,13,Wind/Hail,Closed,4687.65,0.0,347.16,4687.65,5034.81
CLM-000906,POL-006199,General Liability,Light Manufacturing,FL,2023-07-20,2023-08-18,29,Products Liability,Closed - No Pay,0.0,0.0,0.0,0.0,0.0
CLM-000907,POL-006201,BOP,Retail,FL,2025-08-09,2025-08-29,20,Business Interruption,Closed,11098.05,0.0,2243.85,11098.05,13341.9
CLM-000908,POL-006206,Professional Liability,Healthcare Services,IL,2024-06-10,2024-06-29,19,Misrepresentation,Closed,110011.8,0.0,22974.02,110011.8,132985.82
CLM-000909,POL-006210,General Liability,Restaurants & Food Service,CA,2025-04-17,2025-07-12,86,Products Liability,Closed,26319.72,0.0,3355.81,26319.72,29675.53
CLM-000910,POL-006219,BOP,Restaurants & Food Service,FL,2025-12-26,2026-03-08,72,Wind/Hail,Open,641.67,574.91,90.71,1216.58,1307.29
CLM-000911,POL-006227,BOP,Real Estate,FL,2024-11-01,2024-12-02,31,Water Damage,Closed - No Pay,0.0,0.0,0.0,0.0,0.0
CLM-000912,POL-006235,General Liability,Contractors,TX,2026-05-13,2026-06-02,20,Slip & Fall,Open,9086.65,23352.44,6833.54,32439.09,39272.63
CLM-000913,POL-006244,BOP,Restaurants & Food Service,IL,2025-09-19,2025-09-28,9,Business Interruption,Open,660.62,9254.32,1942.83,9914.94,11857.77
CLM-000914,POL-006255,BOP,Restaurants & Food Service,TX,2025-07-09,2025-07-27,18,Fire,Closed,1173.37,0.0,59.71,1173.37,1233.08
CLM-000915,POL-006288,General Liability,Restaurants & Food Service,IL,2024-12-16,2025-02-04,50,Products Liability,Closed,19863.68,0.0,2253.17,19863.68,22116.85
CLM-000916,POL-006288,General Liability,Restaurants & Food Service,IL,2024-07-31,2024-08-01,1,Completed Operations,Closed,21459.32,0.0,2677.94,21459.32,24137.26
CLM-000917,POL-006288,General Liability,Restaurants & Food Service,IL,2025-01-14,2025-02-05,22,Personal & Advertising Injury,Closed,12203.3,0.0,2112.29,12203.3,14315.59
CLM-000918,POL-006302,BOP,Retail,IL,2024-12-29,2025-02-18,51,Fire,Closed,25462.72,0.0,2616.06,25462.72,28078.78
CLM-000919,POL-006305,General Liability,Contractors,NC,2025-09-03,2026-02-19,169,Slip & Fall,Open,9027.49,93860.44,19988.52,102887.93,122876.45
CLM-000920,POL-006307,BOP,Healthcare Services,GA,2025-01-28,2025-02-05,8,Theft/Burglary,Closed,19728.44,0.0,1537.3,19728.44,21265.74
CLM-000921,POL-006307,BOP,Healthcare Services,GA,2024-08-26,2024-09-06,11,Wind/Hail,Closed,1708.64,0.0,314.17,1708.64,2022.81
CLM-000922,POL-006313,BOP,Light Manufacturing,AZ,2024-09-13,2024-10-12,29,Business Interruption,Open,2838.83,7892.74,433.11,10731.57,11164.68
CLM-000923,POL-006334,BOP,Restaurants & Food Service,IL,2024-03-15,2024-06-25,102,Theft/Burglary,Open,493.88,3452.95,830.03,3946.83,4776.86
CLM-000924,POL-006338,BOP,Restaurants & Food Service,OH,2023-12-07,2024-01-17,41,Water Damage,Open,188.27,690.0,64.78,878.27,943.05
CLM-000925,POL-006338,BOP,Restaurants & Food Service,OH,2024-01-17,2024-03-10,53,Fire,Closed - No Pay,0.0,0.0,0.0,0.0,0.0
CLM-000926,POL-006341,BOP,Light Manufacturing,TX,2024-03-22,2024-03-24,2,Slip & Fall,Closed - No Pay,0.0,0.0,0.0,0.0,0.0
CLM-000927,POL-006342,BOP,Light Manufacturing,TX,2025-05-01,2025-07-29,89,Business Interruption,Closed,35529.19,0.0,3323.2,35529.19,38852.39
CLM-000928,POL-006362,BOP,Restaurants & Food Service,OH,2025-03-06,2025-03-13,7,Slip & Fall,Open,2821.09,5046.54,1284.22,7867.63,9151.85
CLM-000929,POL-006362,BOP,Restaurants & Food Service,OH,2024-12-30,2025-01-12,13,Slip & Fall,Closed,2950.22,0.0,365.46,2950.22,3315.68
CLM-000930,POL-006365,BOP,Light Manufacturing,OH,2025-09-10,2025-10-21,41,Wind/Hail,Open,2349.31,3835.57,383.83,6184.88,6568.71
CLM-000931,POL-006384,General Liability,Contractors,NY,2025-11-03,2026-02-20,109,Completed Operations,Open,2804.17,4731.41,1225.55,7535.58,8761.13
CLM-000932,POL-006389,General Liability,Restaurants & Food Service,IL,2025-07-06,2026-05-26,324,Personal & Advertising Injury,Open,1133.94,7219.49,546.73,8353.43,8900.16
CLM-000933,POL-006396,BOP,Contractors,NY,2025-05-13,2025-05-22,9,Water Damage,Open,3843.99,6829.6,1238.02,10673.59,11911.61
CLM-000934,POL-006397,General Liability,Restaurants & Food Service,NC,2024-02-27,2024-04-09,42,Products Liability,Open,18451.32,25984.56,3544.16,44435.88,47980.04
CLM-000935,POL-006402,General Liability,Contractors,AZ,2024-08-31,2025-04-08,220,Completed Operations,Closed,3639.49,0.0,526.9,3639.49,4166.39
CLM-000936,POL-006402,General Liability,Contractors,AZ,2024-12-10,2025-03-30,110,Products Liability,Closed,28327.38,0.0,3549.47,28327.38,31876.85
CLM-000937,POL-006403,General Liability,Contractors,AZ,2025-12-13,2026-02-16,65,Personal & Advertising Injury,Open,25430.75,41716.17,9055.24,67146.92,76202.16
CLM-000938,POL-006403,General Liability,Contractors,AZ,2025-06-22,2025-10-17,117,Completed Operations,Open,3633.68,37400.05,6538.62,41033.73,47572.35
CLM-000939,POL-006404,BOP,Retail,TX,2024-11-16,2024-12-08,22,Wind/Hail,Closed,14176.65,0.0,2025.41,14176.65,16202.06
CLM-000940,POL-006412,BOP,Retail,TX,2026-01-26,2026-01-28,2,Slip & Fall,Open,8289.48,6923.62,2245.67,15213.1,17458.77
CLM-000941,POL-006413,BOP,Retail,TX,2026-05-09,2026-05-09,0,Slip & Fall,Open,23384.77,27230.62,6550.9,50615.39,57166.29
CLM-000942,POL-006414,General Liability,Professional Services,TX,2025-02-21,2025-03-28,35,Products Liability,Closed,26867.94,0.0,3534.57,26867.94,30402.51
CLM-000943,POL-006432,BOP,Restaurants & Food Service,NY,2024-02-01,2024-03-23,51,Slip & Fall,Open,2055.25,7774.09,1613.86,9829.34,11443.2
CLM-000944,POL-006443,General Liability,Restaurants & Food Service,GA,2024-08-03,2024-12-22,141,Completed Operations,Closed,1491.99,0.0,89.23,1491.99,1581.22
CLM-000945,POL-006445,General Liability,Contractors,FL,2024-12-17,2025-01-12,26,Products Liability,Closed,17786.05,0.0,808.75,17786.05,18594.8
CLM-000946,POL-006449,BOP,Restaurants & Food Service,IL,2024-09-28,2024-12-09,72,Business Interruption,Closed,3582.16,0.0,308.6,3582.16,3890.76
CLM-000947,POL-006452,BOP,Restaurants & Food Service,IL,2025-07-03,2025-08-11,39,Fire,Closed - No Pay,0.0,0.0,0.0,0.0,0.0
CLM-000948,POL-006452,BOP,Restaurants & Food Service,IL,2025-08-29,2025-10-29,61,Water Damage,Open,4582.95,5817.43,1520.71,10400.38,11921.09
CLM-000949,POL-006460,General Liability,Retail,NY,2025-06-22,2025-08-10,49,Personal & Advertising Injury,Closed,7613.72,0.0,325.75,7613.72,7939.47
CLM-000950,POL-006466,BOP,Contractors,GA,2025-04-18,2025-04-21,3,Business Interruption,Open,5386.2,5532.03,937.24,10918.23,11855.47
CLM-000951,POL-006473,Professional Liability,Technology,TX,2023-05-23,2023-11-10,171,Regulatory Proceeding,Closed,1957.78,0.0,102.84,1957.78,2060.62
CLM-000952,POL-006475,BOP,Retail,AZ,2025-06-18,2025-07-21,33,Theft/Burglary,Closed,556.09,0.0,57.4,556.09,613.49
CLM-000953,POL-006486,BOP,Real Estate,TX,2025-11-09,2025-11-28,19,Water Damage,Closed,8198.29,0.0,406.52,8198.29,8604.81
CLM-000954,POL-006486,BOP,Real Estate,TX,2025-09-10,2025-10-27,47,Theft/Burglary,Open,3914.03,3292.24,1305.87,7206.27,8512.14
CLM-000955,POL-006501,BOP,Healthcare Services,TX,2023-07-15,2023-08-08,24,Slip & Fall,Closed - No Pay,0.0,0.0,0.0,0.0,0.0
CLM-000956,POL-006502,BOP,Healthcare Services,TX,2025-01-09,2025-01-16,7,Wind/Hail,Closed,4716.82,0.0,585.14,4716.82,5301.96
CLM-000957,POL-006507,General Liability,Healthcare Services,AZ,2025-11-13,2026-04-17,155,Products Liability,Open,1479.42,4699.23,953.45,6178.65,7132.1
CLM-000958,POL-006507,General Liability,Healthcare Services,AZ,2025-06-16,2025-07-16,30,Completed Operations,Closed,33927.86,0.0,7150.51,33927.86,41078.37
CLM-000959,POL-006511,Professional Liability,Professional Services,CA,2024-02-26,2025-03-29,397,Breach of Duty,Closed,5410.17,0.0,888.28,5410.17,6298.45
CLM-000960,POL-006513,General Liability,Contractors,AZ,2025-08-23,2026-04-28,248,Personal & Advertising Injury,Open,41142.36,96573.43,26611.34,137715.79,164327.13
CLM-000961,POL-006517,BOP,Retail,GA,2024-04-07,2024-05-12,35,Water Damage,Closed,3366.49,0.0,368.24,3366.49,3734.73
CLM-000962,POL-006526,BOP,Restaurants & Food Service,NY,2025-02-13,2025-04-17,63,Slip & Fall,Open,2110.07,1778.61,270.17,3888.68,4158.85
CLM-000963,POL-006531,General Liability,Restaurants & Food Service,TX,2023-11-06,2024-01-17,72,Property Damage - 3rd Party,Open,10202.54,9715.87,1030.21,19918.41,20948.62
CLM-000964,POL-006532,General Liability,Restaurants & Food Service,TX,2024-09-18,2025-02-23,158,Slip & Fall,Open,739.56,4098.31,895.58,4837.87,5733.45
CLM-000965,POL-006532,General Liability,Restaurants & Food Service,TX,2024-10-19,2024-12-03,45,Property Damage - 3rd Party,Closed,7189.12,0.0,375.31,7189.12,7564.43
CLM-000966,POL-006533,General Liability,Restaurants & Food Service,TX,2026-02-04,2026-04-18,73,Slip & Fall,Open,21151.29,69701.16,16519.21,90852.45,107371.66
CLM-000967,POL-006534,General Liability,Contractors,IL,2025-09-26,2025-10-22,26,Property Damage - 3rd Party,Open,1039.88,3053.7,547.01,4093.58,4640.59
CLM-000968,POL-006544,General Liability,Contractors,NY,2024-12-31,2025-03-10,69,Slip & Fall,Closed,11048.13,0.0,745.04,11048.13,11793.17
CLM-000969,POL-006551,BOP,Real Estate,NC,2025-06-05,2025-06-20,15,Wind/Hail,Closed,14663.06,0.0,1734.34,14663.06,16397.4
CLM-000970,POL-006571,BOP,Contractors,NY,2024-11-24,2025-01-30,67,Business Interruption,Open,1132.47,2472.05,523.54,3604.52,4128.06
CLM-000971,POL-006572,BOP,Contractors,NY,2025-12-31,2026-02-02,33,Business Interruption,Closed,10026.72,0.0,1883.75,10026.72,11910.47
CLM-000972,POL-006572,BOP,Contractors,NY,2025-10-09,2025-10-14,5,Wind/Hail,Closed,4474.0,0.0,504.84,4474.0,4978.84
CLM-000973,POL-006588,General Liability,Restaurants & Food Service,FL,2023-10-20,2023-11-01,12,Slip & Fall,Open,4709.08,9590.79,2807.04,14299.87,17106.91
CLM-000974,POL-006613,General Liability,Light Manufacturing,FL,2024-04-23,2024-06-01,39,Products Liability,Open,15276.3,13057.18,1522.67,28333.48,29856.15
CLM-000975,POL-006627,General Liability,Restaurants & Food Service,OH,2024-07-26,2025-01-11,169,Personal & Advertising Injury,Closed,36586.12,0.0,3515.07,36586.12,40101.19
CLM-000976,POL-006630,BOP,Restaurants & Food Service,AZ,2024-06-27,2024-07-17,20,Water Damage,Closed,7809.01,0.0,816.96,7809.01,8625.97
CLM-000977,POL-006635,BOP,Contractors,TX,2024-06-11,2025-01-13,216,Wind/Hail,Open,496.53,9074.35,435.2,9570.88,10006.08
CLM-000978,POL-006635,BOP,Contractors,TX,2024-07-17,2024-07-25,8,Slip & Fall,Open,1715.79,6274.7,756.64,7990.49,8747.13
CLM-000979,POL-006639,General Liability,Contractors,AZ,2024-05-07,2024-09-22,138,Slip & Fall,Open,4275.99,43561.43,5660.14,47837.42,53497.56
CLM-000980,POL-006644,Professional Liability,Technology,GA,2025-07-26,2025-08-06,11,Breach of Duty,Closed,5065.09,0.0,733.27,5065.09,5798.36
CLM-000981,POL-006648,BOP,Healthcare Services,NC,2025-01-18,2025-01-24,6,Fire,Closed,13585.81,0.0,1728.4,13585.81,15314.21
CLM-000982,POL-006662,Professional Liability,Healthcare Services,NY,2023-09-06,2023-11-12,67,Breach of Duty,Open,491053.48,1870525.35,218928.54,2361578.83,2580507.37
CLM-000983,POL-006673,BOP,Contractors,TX,2025-12-23,2026-02-25,64,Slip & Fall,Open,13343.34,25457.64,3461.85,38800.98,42262.83
CLM-000984,POL-006696,BOP,Retail,OH,2025-07-16,2025-07-19,3,Wind/Hail,Closed,3348.67,0.0,604.63,3348.67,3953.3
CLM-000985,POL-006702,BOP,Light Manufacturing,CA,2025-07-10,2025-08-17,38,Theft/Burglary,Open,13604.59,17727.76,3953.16,31332.35,35285.51
CLM-000986,POL-006716,BOP,Real Estate,NC,2025-01-21,2025-04-02,71,Fire,Open,9117.32,7894.79,1722.03,17012.11,18734.14
CLM-000987,POL-006724,BOP,Light Manufacturing,IL,2026-02-14,2026-06-23,129,Water Damage,Open,10219.24,28338.49,2313.45,38557.73,40871.18
CLM-000988,POL-006739,BOP,Retail,TX,2026-03-07,2026-03-07,0,Wind/Hail,Open,2504.58,10908.26,1608.31,13412.84,15021.15
CLM-000989,POL-006740,General Liability,Light Manufacturing,GA,2025-07-28,2025-07-30,2,Completed Operations,Open,29251.04,71728.26,5834.51,100979.3,106813.81
CLM-000990,POL-006742,BOP,Retail,IL,2025-04-27,2025-06-11,45,Slip & Fall,Closed,37177.1,0.0,2103.62,37177.1,39280.72
CLM-000991,POL-006744,General Liability,Professional Services,NC,2024-12-07,2025-01-08,32,Completed Operations,Closed - No Pay,0.0,0.0,0.0,0.0,0.0
CLM-000992,POL-006750,Professional Liability,Technology,NC,2024-09-15,2025-08-14,333,Regulatory Proceeding,Closed,165842.2,0.0,15546.09,165842.2,181388.29
CLM-000993,POL-006758,BOP,Restaurants & Food Service,TX,2025-09-17,2025-11-28,72,Fire,Open,1401.7,4607.35,567.62,6009.05,6576.67
CLM-000994,POL-006761,General Liability,Real Estate,WA,2026-05-12,2026-06-18,37,Slip & Fall,Open,54526.31,264517.91,44385.77,319044.22,363429.99
CLM-000995,POL-006764,General Liability,Healthcare Services,OH,2024-05-13,2024-07-18,66,Slip & Fall,Open,7411.77,13491.49,3339.47,20903.26,24242.73
CLM-000996,POL-006767,BOP,Restaurants & Food Service,AZ,2023-11-17,2024-01-27,71,Water Damage,Closed,17403.5,0.0,3454.54,17403.5,20858.04
CLM-000997,POL-006768,BOP,Restaurants & Food Service,AZ,2024-12-03,2024-12-08,5,Fire,Open,165.12,1161.82,126.53,1326.94,1453.47
CLM-000998,POL-006768,BOP,Restaurants & Food Service,AZ,2025-01-30,2025-02-13,14,Wind/Hail,Open,1012.32,2786.27,175.45,3798.59,3974.04
CLM-000999,POL-006768,BOP,Restaurants & Food Service,AZ,2025-06-15,2025-07-11,26,Slip & Fall,Open,1681.95,5500.66,424.1,7182.61,7606.71
CLM-001000,POL-006770,General Liability,Light Manufacturing,FL,2024-06-26,2024-11-29,156,Completed Operations,Closed,36572.27,0.0,3331.04,36572.27,39903.31
CLM-001001,POL-006770,General Liability,Light Manufacturing,FL,2024-05-04,2024-07-31,88,Completed Operations,Closed,28897.68,0.0,2445.81,28897.68,31343.49
CLM-001002,POL-006776,General Liability,Restaurants & Food Service,TX,2025-07-18,2025-07-18,0,Property Damage - 3rd Party,Open,1594.53,1309.06,430.54,2903.59,3334.13
CLM-001003,POL-006784,General Liability,Professional Services,IL,2025-02-20,2025-02-20,0,Products Liability,Open,12032.49,21747.93,3287.76,33780.42,37068.18
CLM-001004,POL-006800,General Liability,Contractors,TX,2024-07-07,2024-08-22,46,Completed Operations,Closed,15132.05,0.0,1204.37,15132.05,16336.42
CLM-001005,POL-006820,BOP,Contractors,IL,2024-05-12,2024-06-06,25,Business Interruption,Closed - No Pay,0.0,0.0,0.0,0.0,0.0
CLM-001006,POL-006829,BOP,Retail,NC,2023-11-27,2023-12-22,25,Theft/Burglary,Closed,2083.02,0.0,395.43,2083.02,2478.45
CLM-001007,POL-006844,General Liability,Restaurants & Food Service,NY,2024-12-16,2024-12-21,5,Slip & Fall,Closed,17998.61,0.0,2769.57,17998.61,20768.18
CLM-001008,POL-006850,Professional Liability,Professional Services,CA,2025-08-22,2025-11-24,94,Breach of Duty,Open,1777.75,1602.82,182.11,3380.57,3562.68
CLM-001009,POL-006856,BOP,Restaurants & Food Service,NC,2023-11-21,2023-11-28,7,Water Damage,Closed,23797.83,0.0,3986.84,23797.83,27784.67
CLM-001010,POL-006858,BOP,Restaurants & Food Service,NC,2026-04-01,2026-05-20,49,Fire,Open,1075.79,5254.24,1150.08,6330.03,7480.11
CLM-001011,POL-006862,General Liability,Contractors,GA,2023-11-30,2024-03-04,95,Products Liability,Closed,2112.61,0.0,233.23,2112.61,2345.84
CLM-001012,POL-006863,General Liability,Contractors,GA,2024-06-16,2024-09-01,77,Property Damage - 3rd Party,Closed,22352.17,0.0,4133.57,22352.17,26485.74
CLM-001013,POL-006864,General Liability,Contractors,GA,2025-05-03,2025-11-17,198,Personal & Advertising Injury,Open,7628.84,10917.69,3382.75,18546.53,21929.28
CLM-001014,POL-006874,Professional Liability,Technology,NY,2023-10-17,2024-05-25,221,Failure to Deliver,Closed,33293.35,0.0,6606.19,33293.35,39899.54
CLM-001015,POL-006908,BOP,Restaurants & Food Service,IL,2025-02-15,2025-04-15,59,Wind/Hail,Closed,17937.79,0.0,3095.16,17937.79,21032.95
CLM-001016,POL-006923,General Liability,Professional Services,CA,2025-09-12,2025-10-15,33,Slip & Fall,Closed,48913.2,0.0,4915.79,48913.2,53828.99
CLM-001017,POL-006925,General Liability,Light Manufacturing,FL,2025-11-26,2025-12-04,8,Products Liability,Closed,137071.41,0.0,6793.87,137071.41,143865.28
CLM-001018,POL-006927,General Liability,Retail,NY,2025-06-19,2025-11-04,138,Property Damage - 3rd Party,Closed,1428.84,0.0,139.68,1428.84,1568.52
CLM-001019,POL-006935,General Liability,Light Manufacturing,TX,2024-09-21,2024-10-10,19,Personal & Advertising Injury,Closed,78132.69,0.0,13309.1,78132.69,91441.79
CLM-001020,POL-006938,BOP,Light Manufacturing,OH,2024-11-13,2024-12-10,27,Fire,Closed,2017.96,0.0,241.6,2017.96,2259.56
CLM-001021,POL-006956,BOP,Retail,NY,2025-11-26,2025-12-07,11,Business Interruption,Open,685.98,2651.04,507.72,3337.02,3844.74
CLM-001022,POL-006957,BOP,Contractors,TX,2023-07-04,2023-07-19,15,Business Interruption,Open,3006.34,12993.14,834.09,15999.48,16833.57
CLM-001023,POL-006958,BOP,Contractors,TX,2024-07-26,2024-08-15,20,Business Interruption,Open,2236.91,2123.22,294.93,4360.13,4655.06
CLM-001024,POL-006959,BOP,Contractors,TX,2026-04-07,2026-04-10,3,Wind/Hail,Open,225.47,1213.47,221.48,1438.94,1660.42
CLM-001025,POL-006962,General Liability,Contractors,OH,2024-10-11,2024-12-22,72,Property Damage - 3rd Party,Closed,44096.66,0.0,5676.36,44096.66,49773.02
CLM-001026,POL-006966,BOP,Restaurants & Food Service,WA,2025-12-16,2026-04-14,119,Wind/Hail,Closed,14460.63,0.0,1868.0,14460.63,16328.63
CLM-001027,POL-006976,BOP,Contractors,TX,2026-03-29,2026-04-16,18,Wind/Hail,Open,1865.94,13664.01,824.98,15529.95,16354.93
CLM-001028,POL-006990,BOP,Retail,OH,2025-11-05,2025-12-02,27,Water Damage,Open,2693.45,5317.83,1219.28,8011.28,9230.56
CLM-001029,POL-007005,General Liability,Light Manufacturing,WA,2025-02-04,2025-03-24,48,Completed Operations,Closed,18474.17,0.0,2302.78,18474.17,20776.95
CLM-001030,POL-007025,General Liability,Contractors,TX,2025-08-27,2025-09-22,26,Slip & Fall,Open,18415.27,44870.27,6653.54,63285.54,69939.08
CLM-001031,POL-007029,General Liability,Contractors,GA,2025-10-20,2025-12-09,50,Completed Operations,Open,23045.91,69233.64,10610.6,92279.55,102890.15
CLM-001032,POL-007031,BOP,Light Manufacturing,GA,2026-04-07,2026-04-10,3,Business Interruption,Open,4079.47,16902.07,4206.38,20981.54,25187.92
CLM-001033,POL-007033,BOP,Contractors,TX,2025-04-06,2025-04-22,16,Wind/Hail,Open,7487.99,9205.12,2375.54,16693.11,19068.65
CLM-001034,POL-007034,BOP,Contractors,TX,2025-07-13,2025-08-06,24,Business Interruption,Open,1663.92,20942.03,4255.62,22605.95,26861.57
CLM-001035,POL-007051,General Liability,Real Estate,IL,2023-12-05,2024-04-30,147,Personal & Advertising Injury,Closed,48791.22,0.0,3639.27,48791.22,52430.49
CLM-001036,POL-007052,Professional Liability,Professional Services,FL,2024-10-31,2024-12-02,32,Regulatory Proceeding,Closed,93307.45,0.0,12431.24,93307.45,105738.69
CLM-001037,POL-007054,BOP,Real Estate,NC,2024-09-08,2024-09-26,18,Water Damage,Closed,19403.16,0.0,1346.65,19403.16,20749.81
CLM-001038,POL-007057,BOP,Real Estate,CA,2024-02-03,2024-03-05,31,Slip & Fall,Closed - No Pay,0.0,0.0,0.0,0.0,0.0
CLM-001039,POL-007062,General Liability,Contractors,TX,2024-09-29,2024-11-22,54,Products Liability,Closed - No Pay,0.0,0.0,0.0,0.0,0.0
CLM-001040,POL-007068,BOP,Real Estate,TX,2023-02-16,2023-02-23,7,Slip & Fall,Closed,4108.94,0.0,893.95,4108.94,5002.89
CLM-001041,POL-007082,General Liability,Contractors,AZ,2024-09-30,2024-12-26,87,Products Liability,Open,17646.18,17776.47,2765.59,35422.65,38188.24
CLM-001042,POL-007082,General Liability,Contractors,AZ,2024-02-15,2024-06-07,113,Property Damage - 3rd Party,Open,14810.3,40299.77,2311.3,55110.07,57421.37
CLM-001043,POL-007083,General Liability,Contractors,NY,2025-04-28,2025-09-20,145,Products Liability,Closed,6799.21,0.0,833.15,6799.21,7632.36
CLM-001044,POL-007084,General Liability,Contractors,NY,2026-02-27,2026-04-16,48,Personal & Advertising Injury,Open,1583.39,14505.37,1108.28,16088.76,17197.04
CLM-001045,POL-007090,General Liability,Contractors,FL,2024-06-04,2024-10-29,147,Property Damage - 3rd Party,Closed,162690.44,0.0,32826.09,162690.44,195516.53
CLM-001046,POL-007098,Professional Liability,Professional Services,CA,2023-08-20,2024-08-29,375,Negligent Act,Open,20197.73,31681.22,4253.0,51878.95,56131.95
CLM-001047,POL-007102,Professional Liability,Healthcare Services,IL,2024-05-23,2025-03-20,301,Negligent Act,Open,3261.59,27109.6,3954.43,30371.19,34325.62
CLM-001048,POL-007121,BOP,Retail,TX,2025-02-22,2025-02-23,1,Water Damage,Closed,15838.19,0.0,3276.04,15838.19,19114.23
CLM-001049,POL-007146,General Liability,Technology,CA,2025-08-10,2026-03-24,226,Personal & Advertising Injury,Open,22431.1,49307.16,6054.46,71738.26,77792.72
CLM-001050,POL-007148,General Liability,Retail,CA,2024-10-09,2025-08-15,310,Personal & Advertising Injury,Open,1838.15,7011.41,528.21,8849.56,9377.77
CLM-001051,POL-007151,BOP,Real Estate,CA,2026-02-20,2026-03-29,37,Fire,Closed,7809.18,0.0,1244.7,7809.18,9053.88
CLM-001052,POL-007153,General Liability,Real Estate,IL,2024-10-26,2025-05-23,209,Slip & Fall,Open,95040.23,83568.37,38765.88,178608.6,217374.48
CLM-001053,POL-007162,BOP,Contractors,IL,2024-01-18,2024-02-08,21,Slip & Fall,Closed,45903.9,0.0,6907.05,45903.9,52810.95
CLM-001054,POL-007163,BOP,Contractors,IL,2024-07-14,2024-09-08,56,Business Interruption,Closed,61744.76,0.0,5317.49,61744.76,67062.25
CLM-001055,POL-007163,BOP,Contractors,IL,2024-09-30,2024-09-30,0,Theft/Burglary,Closed,8966.81,0.0,898.98,8966.81,9865.79
CLM-001056,POL-007164,BOP,Contractors,IL,2025-05-09,2025-06-20,42,Wind/Hail,Closed,119046.26,0.0,21265.65,119046.26,140311.91
CLM-001057,POL-007166,BOP,Contractors,OH,2024-10-14,2024-11-16,33,Water Damage,Open,4825.11,33622.03,3311.24,38447.14,41758.38
CLM-001058,POL-007177,General Liability,Real Estate,NY,2025-07-04,2025-07-08,4,Slip & Fall,Open,6169.09,12251.97,926.55,18421.06,19347.61
CLM-001059,POL-007222,General Liability,Contractors,AZ,2025-01-01,2025-05-25,144,Products Liability,Closed,105517.94,0.0,15305.7,105517.94,120823.64
CLM-001060,POL-007224,BOP,Retail,IL,2026-01-30,2026-02-22,23,Fire,Closed,10391.97,0.0,460.95,10391.97,10852.92
CLM-001061,POL-007224,BOP,Retail,IL,2026-01-12,2026-01-18,6,Business Interruption,Open,119.94,2168.26,274.12,2288.2,2562.32
CLM-001062,POL-007231,BOP,Professional Services,WA,2025-07-27,2025-09-07,42,Fire,Open,7226.31,11623.99,3111.09,18850.3,21961.39
CLM-001063,POL-007236,General Liability,Restaurants & Food Service,IL,2024-10-30,2024-12-19,50,Completed Operations,Closed,15974.18,0.0,1737.01,15974.18,17711.19
CLM-001064,POL-007240,Professional Liability,Professional Services,NC,2025-09-02,2025-10-08,36,Negligent Act,Open,6647.83,28375.72,2970.86,35023.55,37994.41
CLM-001065,POL-007244,General Liability,Real Estate,FL,2024-11-09,2025-02-05,88,Slip & Fall,Open,20146.75,37299.92,10219.89,57446.67,67666.56
CLM-001066,POL-007263,General Liability,Contractors,WA,2024-07-13,2024-08-24,42,Products Liability,Closed,59317.3,0.0,5163.75,59317.3,64481.05
CLM-001067,POL-007266,BOP,Real Estate,NY,2026-01-07,2026-01-30,23,Slip & Fall,Open,1125.64,1145.65,140.37,2271.29,2411.66
CLM-001068,POL-007283,BOP,Contractors,IL,2025-12-19,2025-12-26,7,Business Interruption,Closed,6925.24,0.0,396.56,6925.24,7321.8
CLM-001069,POL-007287,BOP,Restaurants & Food Service,TX,2024-05-29,2024-06-19,21,Fire,Open,5671.98,8068.21,2769.54,13740.19,16509.73
CLM-001070,POL-007290,General Liability,Contractors,AZ,2024-10-01,2024-12-28,88,Property Damage - 3rd Party,Open,2794.98,2497.32,923.77,5292.3,6216.07
CLM-001071,POL-007299,General Liability,Light Manufacturing,IL,2025-02-14,2025-04-01,46,Property Damage - 3rd Party,Open,3020.84,9306.84,887.07,12327.68,13214.75
CLM-001072,POL-007319,BOP,Real Estate,CA,2024-10-25,2024-11-10,16,Slip & Fall,Closed,14674.68,0.0,1371.4,14674.68,16046.08
CLM-001073,POL-007328,BOP,Contractors,CA,2025-05-15,2025-06-22,38,Slip & Fall,Open,2229.7,4275.71,710.69,6505.41,7216.1
CLM-001074,POL-007330,BOP,Restaurants & Food Service,TX,2025-12-12,2026-03-19,97,Wind/Hail,Open,521.11,1514.0,363.1,2035.11,2398.21
CLM-001075,POL-007347,General Liability,Retail,NY,2025-06-23,2025-10-17,116,Completed Operations,Open,1178.56,11366.88,2379.94,12545.44,14925.38
CLM-001076,POL-007356,Professional Liability,Professional Services,AZ,2026-01-01,2026-05-20,139,Breach of Duty,Open,513.34,640.57,66.15,1153.91,1220.06
CLM-001077,POL-007359,General Liability,Real Estate,CA,2024-04-01,2025-02-17,322,Completed Operations,Closed - No Pay,0.0,0.0,0.0,0.0,0.0
CLM-001078,POL-007360,General Liability,Real Estate,CA,2025-07-25,2025-09-22,59,Slip & Fall,Closed,38251.31,0.0,2458.42,38251.31,40709.73
CLM-001079,POL-007361,BOP,Technology,FL,2024-07-13,2024-07-14,1,Fire,Closed,28769.68,0.0,4553.1,28769.68,33322.78
CLM-001080,POL-007365,General Liability,Contractors,OH,2025-12-02,2026-01-07,36,Slip & Fall,Closed,137603.86,0.0,20128.6,137603.86,157732.46
CLM-001081,POL-007371,General Liability,Contractors,FL,2025-04-28,2025-05-16,18,Slip & Fall,Open,36641.18,30367.13,11005.55,67008.31,78013.86
CLM-001082,POL-007371,General Liability,Contractors,FL,2025-07-01,2026-01-12,195,Products Liability,Open,23779.06,53638.71,6098.15,77417.77,83515.92
CLM-001083,POL-007376,BOP,Contractors,TX,2025-06-21,2025-06-25,4,Water Damage,Open,656.83,540.28,257.32,1197.11,1454.43
CLM-001084,POL-007388,General Liability,Contractors,NY,2025-04-27,2025-05-26,29,Personal & Advertising Injury,Open,20854.98,83022.88,16899.81,103877.86,120777.67
CLM-001085,POL-007400,General Liability,Retail,CA,2025-06-28,2025-09-30,94,Personal & Advertising Injury,Closed,2184.47,0.0,277.11,2184.47,2461.58
CLM-001086,POL-007404,General Liability,Light Manufacturing,IL,2025-02-08,2025-11-09,274,Property Damage - 3rd Party,Closed,22903.23,0.0,3559.81,22903.23,26463.04
CLM-001087,POL-007410,General Liability,Real Estate,NC,2025-06-24,2025-08-16,53,Property Damage - 3rd Party,Open,83138.29,94928.12,29987.7,178066.41,208054.11
CLM-001088,POL-007427,General Liability,Light Manufacturing,OH,2024-08-29,2024-09-13,15,Products Liability,Closed,21036.16,0.0,4132.9,21036.16,25169.06
CLM-001089,POL-007428,General Liability,Light Manufacturing,OH,2025-12-28,2026-03-21,83,Personal & Advertising Injury,Open,23920.07,19897.53,7351.17,43817.6,51168.77
CLM-001090,POL-007434,BOP,Restaurants & Food Service,OH,2025-05-03,2025-06-08,36,Fire,Closed - No Pay,0.0,0.0,0.0,0.0,0.0
CLM-001091,POL-007449,BOP,Restaurants & Food Service,OH,2025-09-26,2025-10-06,10,Water Damage,Closed - No Pay,0.0,0.0,0.0,0.0,0.0
CLM-001092,POL-007450,BOP,Restaurants & Food Service,OH,2026-03-15,2026-03-31,16,Business Interruption,Closed,1826.32,0.0,195.36,1826.32,2021.68
CLM-001093,POL-007451,General Liability,Contractors,IL,2024-11-01,2024-11-12,11,Personal & Advertising Injury,Closed,77836.79,0.0,16680.15,77836.79,94516.94
CLM-001094,POL-007454,BOP,Contractors,CA,2025-03-22,2025-07-03,103,Slip & Fall,Closed,6087.58,0.0,499.7,6087.58,6587.28
CLM-001095,POL-007454,BOP,Contractors,CA,2024-12-20,2025-02-15,57,Business Interruption,Closed,1618.95,0.0,304.73,1618.95,1923.68
CLM-001096,POL-007470,General Liability,Retail,FL,2026-03-31,2026-05-02,32,Products Liability,Closed,16977.96,0.0,3625.27,16977.96,20603.23
CLM-001097,POL-007474,General Liability,Real Estate,OH,2025-07-22,2025-08-15,24,Slip & Fall,Closed,4216.34,0.0,874.4,4216.34,5090.74
CLM-001098,POL-007477,BOP,Real Estate,IL,2024-11-06,2024-12-01,25,Slip & Fall,Closed,4191.39,0.0,735.33,4191.39,4926.72
CLM-001099,POL-007488,General Liability,Light Manufacturing,AZ,2023-12-17,2024-03-14,88,Completed Operations,Closed,57371.06,0.0,9362.31,57371.06,66733.37
CLM-001100,POL-007493,BOP,Retail,TX,2025-01-09,2025-02-03,25,Fire,Open,11561.81,12099.55,2735.42,23661.36,26396.78
CLM-001101,POL-007522,General Liability,Retail,IL,2024-05-11,2024-06-13,33,Slip & Fall,Closed,1571.44,0.0,141.09,1571.44,1712.53
CLM-001102,POL-007525,BOP,Restaurants & Food Service,TX,2025-08-29,2025-09-20,22,Business Interruption,Open,608.38,1044.51,356.26,1652.89,2009.15
CLM-001103,POL-007531,General Liability,Technology,IL,2024-10-01,2024-11-12,42,Products Liability,Open,32517.31,29135.29,13208.65,61652.6,74861.25
CLM-001104,POL-007537,BOP,Retail,TX,2025-08-20,2025-08-29,9,Wind/Hail,Open,4835.53,6556.78,1685.37,11392.31,13077.68
CLM-001105,POL-007543,BOP,Restaurants & Food Service,OH,2024-12-13,2024-12-30,17,Water Damage,Closed,2677.37,0.0,551.46,2677.37,3228.83
CLM-001106,POL-007543,BOP,Restaurants & Food Service,OH,2025-08-13,2025-08-26,13,Water Damage,Open,1623.66,3099.55,551.15,4723.21,5274.36
CLM-001107,POL-007554,Professional Liability,Healthcare Services,CA,2025-08-09,2026-02-16,191,Breach of Duty,Open,4947.18,12455.69,2857.42,17402.87,20260.29
CLM-001108,POL-007558,BOP,Restaurants & Food Service,NY,2023-11-13,2023-11-24,11,Fire,Closed,18068.57,0.0,2994.08,18068.57,21062.65
CLM-001109,POL-007566,Professional Liability,Professional Services,IL,2025-08-01,2025-12-08,129,Negligent Act,Closed,10960.83,0.0,1606.97,10960.83,12567.8
CLM-001110,POL-007573,BOP,Retail,IL,2024-10-13,2025-01-08,87,Fire,Closed - No Pay,0.0,0.0,0.0,0.0,0.0
CLM-001111,POL-007575,BOP,Real Estate,IL,2024-07-31,2024-08-11,11,Slip & Fall,Closed - No Pay,0.0,0.0,0.0,0.0,0.0
CLM-001112,POL-007580,BOP,Real Estate,GA,2025-08-25,2025-09-25,31,Wind/Hail,Open,4440.08,44705.92,9683.01,49146.0,58829.01
CLM-001113,POL-007590,General Liability,Contractors,OH,2025-08-01,2025-09-03,33,Completed Operations,Closed,52180.53,0.0,8266.23,52180.53,60446.76
CLM-001114,POL-007599,BOP,Real Estate,IL,2024-01-05,2024-02-03,29,Business Interruption,Closed,9478.97,0.0,1805.34,9478.97,11284.31
CLM-001115,POL-007600,BOP,Real Estate,IL,2025-08-09,2025-08-15,6,Business Interruption,Open,861.7,6582.97,1123.11,7444.67,8567.78
CLM-001116,POL-007609,General Liability,Contractors,OH,2025-05-15,2025-09-23,131,Products Liability,Open,29716.14,165950.09,33755.78,195666.23,229422.01
CLM-001117,POL-007627,General Liability,Contractors,TX,2025-04-01,2025-05-06,35,Slip & Fall,Open,1079.03,2399.93,171.94,3478.96,3650.9
CLM-001118,POL-007630,Professional Liability,Healthcare Services,TX,2024-08-27,2025-04-05,221,Negligent Act,Closed,171053.51,0.0,17865.11,171053.51,188918.62
CLM-001119,POL-007637,BOP,Restaurants & Food Service,NY,2024-05-21,2024-06-13,23,Wind/Hail,Open,11965.26,14200.16,3537.16,26165.42,29702.58
CLM-001120,POL-007637,BOP,Restaurants & Food Service,NY,2024-08-05,2024-08-25,20,Business Interruption,Closed,14902.5,0.0,1011.72,14902.5,15914.22
CLM-001121,POL-007653,BOP,Light Manufacturing,NC,2026-02-20,2026-02-24,4,Business Interruption,Open,3668.82,4186.56,1567.4,7855.38,9422.78
CLM-001122,POL-007653,BOP,Light Manufacturing,NC,2025-08-24,2025-09-07,14,Wind/Hail,Closed,22046.65,0.0,2608.0,22046.65,24654.65
CLM-001123,POL-007655,BOP,Real Estate,FL,2024-08-28,2024-09-15,18,Fire,Closed,42352.1,0.0,8687.25,42352.1,51039.35
CLM-001124,POL-007658,BOP,Light Manufacturing,NY,2025-10-30,2025-11-05,6,Slip & Fall,Closed,119293.69,0.0,16622.14,119293.69,135915.83
CLM-001125,POL-007658,BOP,Light Manufacturing,NY,2025-10-01,2025-10-11,10,Water Damage,Closed,11209.7,0.0,2395.34,11209.7,13605.04
CLM-001126,POL-007659,BOP,Light Manufacturing,NY,2026-05-20,2026-06-09,20,Business Interruption,Open,1336.72,2569.3,359.26,3906.02,4265.28
CLM-001127,POL-007669,BOP,Professional Services,IL,2025-01-26,2025-03-02,35,Slip & Fall,Closed - No Pay,0.0,0.0,0.0,0.0,0.0
CLM-001128,POL-007669,BOP,Professional Services,IL,2024-12-22,2024-12-24,2,Business Interruption,Closed,1767.27,0.0,197.72,1767.27,1964.99
CLM-001129,POL-007690,Professional Liability,Healthcare Services,NC,2026-01-04,2026-02-06,33,Regulatory Proceeding,Open,2576.1,6246.35,1666.89,8822.45,10489.34
CLM-001130,POL-007693,BOP,Real Estate,NC,2024-10-22,2025-01-03,73,Fire,Open,3976.5,12347.89,3507.97,16324.39,19832.36
CLM-001131,POL-007706,BOP,Contractors,AZ,2025-01-11,2025-03-10,58,Water Damage,Closed,20758.97,0.0,2949.82,20758.97,23708.79
CLM-001132,POL-007708,General Liability,Healthcare Services,IL,2024-02-22,2024-03-15,22,Completed Operations,Open,13285.42,15380.45,3692.41,28665.87,32358.28
CLM-001133,POL-007716,BOP,Real Estate,AZ,2025-11-17,2025-12-22,35,Wind/Hail,Closed - No Pay,0.0,0.0,0.0,0.0,0.0
CLM-001134,POL-007719,General Liability,Retail,GA,2025-05-25,2025-08-24,91,Products Liability,Open,12286.32,52447.45,3655.53,64733.77,68389.3
CLM-001135,POL-007724,BOP,Restaurants & Food Service,FL,2024-11-05,2024-11-05,0,Water Damage,Closed,26282.95,0.0,3639.16,26282.95,29922.11
CLM-001136,POL-007724,BOP,Restaurants & Food Service,FL,2024-10-04,2024-11-13,40,Fire,Open,188.83,2615.37,551.83,2804.2,3356.03
CLM-001137,POL-007726,BOP,Restaurants & Food Service,AZ,2026-03-18,2026-04-09,22,Slip & Fall,Closed,8832.96,0.0,1577.54,8832.96,10410.5
CLM-001138,POL-007732,General Liability,Real Estate,OH,2024-07-20,2024-09-06,48,Property Damage - 3rd Party,Open,9070.1,8343.95,2048.08,17414.05,19462.13
CLM-001139,POL-007740,General Liability,Real Estate,NC,2025-05-21,2026-02-23,278,Products Liability,Closed,67523.11,0.0,6564.0,67523.11,74087.11
CLM-001140,POL-007746,General Liability,Contractors,OH,2023-09-14,2023-12-04,81,Property Damage - 3rd Party,Closed - No Pay,0.0,0.0,0.0,0.0,0.0
CLM-001141,POL-007747,General Liability,Contractors,CA,2024-02-25,2024-03-06,10,Slip & Fall,Open,1980.2,1799.91,675.93,3780.11,4456.04
CLM-001142,POL-007752,BOP,Restaurants & Food Service,IL,2025-05-28,2025-06-24,27,Slip & Fall,Closed,14007.25,0.0,787.44,14007.25,14794.69
CLM-001143,POL-007757,Professional Liability,Retail,NY,2024-03-09,2024-08-03,147,Regulatory Proceeding,Open,42461.45,133029.18,26602.55,175490.63,202093.18
CLM-001144,POL-007771,BOP,Contractors,IL,2026-05-13,2026-05-24,11,Wind/Hail,Open,5833.27,15279.14,3158.31,21112.41,24270.72
CLM-001145,POL-007778,General Liability,Light Manufacturing,WA,2025-12-28,2026-05-08,131,Completed Operations,Open,2624.76,2345.86,362.51,4970.62,5333.13
CLM-001146,POL-007778,General Liability,Light Manufacturing,WA,2025-11-21,2026-05-17,177,Products Liability,Closed,5114.73,0.0,740.97,5114.73,5855.7
CLM-001147,POL-007797,General Liability,Contractors,WA,2025-10-08,2025-11-15,38,Personal & Advertising Injury,Closed - No Pay,0.0,0.0,0.0,0.0,0.0
CLM-001148,POL-007797,General Liability,Contractors,WA,2025-10-18,2026-01-31,105,Products Liability,Open,2784.24,3434.92,272.01,6219.16,6491.17
CLM-001149,POL-007809,BOP,Retail,GA,2026-02-12,2026-02-22,10,Fire,Open,5125.06,14122.68,3683.21,19247.74,22930.95
CLM-001150,POL-007811,General Liability,Real Estate,NY,2024-07-31,2024-11-07,99,Completed Operations,Closed,47958.87,0.0,2607.47,47958.87,50566.34
CLM-001151,POL-007812,General Liability,Real Estate,NY,2025-05-04,2025-05-23,19,Personal & Advertising Injury,Closed - No Pay,0.0,0.0,0.0,0.0,0.0
CLM-001152,POL-007819,BOP,Retail,NC,2025-08-04,2025-09-19,46,Water Damage,Closed,862.37,0.0,69.74,862.37,932.11
CLM-001153,POL-007819,BOP,Retail,NC,2025-11-29,2025-12-24,25,Business Interruption,Open,2434.76,4180.37,1114.58,6615.13,7729.71
CLM-001154,POL-007831,BOP,Healthcare Services,FL,2026-04-17,2026-04-28,11,Theft/Burglary,Open,2188.04,2574.87,524.06,4762.91,5286.97
CLM-001155,POL-007831,BOP,Healthcare Services,FL,2026-02-09,2026-02-19,10,Theft/Burglary,Open,7527.72,23234.19,3894.26,30761.91,34656.17
CLM-001156,POL-007841,BOP,Real Estate,CA,2025-02-10,2025-02-13,3,Fire,Closed,7240.05,0.0,482.8,7240.05,7722.85
CLM-001157,POL-007843,BOP,Light Manufacturing,IL,2025-05-30,2025-06-04,5,Wind/Hail,Closed - No Pay,0.0,0.0,0.0,0.0,0.0
CLM-001158,POL-007848,BOP,Contractors,CA,2025-12-30,2026-02-11,43,Fire,Open,7437.27,7019.08,893.22,14456.35,15349.57
CLM-001159,POL-007851,General Liability,Retail,NY,2024-11-05,2025-02-12,99,Property Damage - 3rd Party,Closed,36975.02,0.0,3266.61,36975.02,40241.63
CLM-001160,POL-007854,BOP,Retail,OH,2024-09-15,2024-09-20,5,Theft/Burglary,Closed - No Pay,0.0,0.0,0.0,0.0,0.0
CLM-001161,POL-007858,BOP,Contractors,IL,2025-05-25,2025-07-19,55,Water Damage,Open,5735.93,25535.49,4544.01,31271.42,35815.43
CLM-001162,POL-007863,General Liability,Restaurants & Food Service,GA,2026-03-29,2026-04-27,29,Slip & Fall,Open,48148.7,41010.69,11344.83,89159.39,100504.22
CLM-001163,POL-007864,BOP,Restaurants & Food Service,NY,2025-07-23,2025-08-27,35,Business Interruption,Open,354.62,548.26,147.02,902.88,1049.9
CLM-001164,POL-007879,BOP,Restaurants & Food Service,NY,2025-05-22,2025-07-09,48,Wind/Hail,Open,356.36,977.0,105.75,1333.36,1439.11
CLM-001165,POL-007881,BOP,Retail,IL,2025-11-01,2025-12-01,30,Fire,Open,21368.19,17544.82,3234.09,38913.01,42147.1
CLM-001166,POL-007882,BOP,Retail,IL,2026-04-03,2026-06-18,76,Theft/Burglary,Open,48.98,527.14,81.93,576.12,658.05
CLM-001167,POL-007886,General Liability,Real Estate,FL,2024-02-24,2024-04-23,59,Property Damage - 3rd Party,Closed,12000.91,0.0,1799.85,12000.91,13800.76
CLM-001168,POL-007890,General Liability,Real Estate,OH,2024-12-01,2025-02-08,69,Products Liability,Open,99644.96,93470.3,38007.98,193115.26,231123.24
CLM-001169,POL-007902,BOP,Contractors,IL,2026-04-04,2026-06-17,74,Theft/Burglary,Open,2668.19,7631.08,1509.14,10299.27,11808.41
CLM-001170,POL-007911,BOP,Restaurants & Food Service,CA,2025-02-19,2025-04-06,46,Business Interruption,Closed,15092.92,0.0,1313.42,15092.92,16406.34
CLM-001171,POL-007916,General Liability,Light Manufacturing,OH,2024-08-08,2024-11-06,90,Completed Operations,Open,10820.09,15521.69,4130.86,26341.78,30472.64
CLM-001172,POL-007927,General Liability,Healthcare Services,FL,2024-01-04,2024-02-25,52,Slip & Fall,Closed,119081.41,0.0,17118.62,119081.41,136200.03
CLM-001173,POL-007937,BOP,Restaurants & Food Service,FL,2025-06-12,2025-06-12,0,Slip & Fall,Closed,9301.06,0.0,1128.57,9301.06,10429.63
CLM-001174,POL-007958,General Liability,Contractors,IL,2026-02-01,2026-04-30,88,Property Damage - 3rd Party,Open,539.74,1097.18,168.9,1636.92,1805.82
CLM-001175,POL-007971,BOP,Restaurants & Food Service,TX,2024-04-22,2024-07-16,85,Water Damage,Closed,5774.98,0.0,815.87,5774.98,6590.85
CLM-001176,POL-007972,BOP,Restaurants & Food Service,TX,2025-08-03,2025-09-23,51,Theft/Burglary,Open,371.62,4276.51,486.4,4648.13,5134.53
CLM-001177,POL-007974,BOP,Light Manufacturing,IL,2025-01-29,2025-04-20,81,Wind/Hail,Open,2668.19,11101.02,1785.73,13769.21,15554.94
CLM-001178,POL-007977,General Liability,Light Manufacturing,AZ,2023-12-22,2024-01-19,28,Slip & Fall,Closed,19229.61,0.0,3075.93,19229.61,22305.54
CLM-001179,POL-007993,BOP,Contractors,FL,2024-10-24,2024-11-11,18,Wind/Hail,Closed,2176.36,0.0,412.83,2176.36,2589.19
CLM-001180,POL-007994,BOP,Light Manufacturing,WA,2023-08-30,2023-09-08,9,Business Interruption,Open,811.59,1129.13,403.8,1940.72,2344.52
CLM-001181,POL-007997,Professional Liability,Real Estate,FL,2026-04-19,2026-05-07,18,Failure to Deliver,Open,281015.86,274411.81,68338.34,555427.67,623766.01
CLM-001182,POL-008002,General Liability,Healthcare Services,GA,2024-08-10,2025-02-12,186,Products Liability,Closed,876056.24,0.0,165233.0,876056.24,1041289.24
CLM-001183,POL-008025,General Liability,Healthcare Services,TX,2025-07-19,2026-04-17,272,Property Damage - 3rd Party,Closed,2024.25,0.0,275.2,2024.25,2299.45
CLM-001184,POL-008050,General Liability,Restaurants & Food Service,TX,2023-06-17,2023-07-10,23,Property Damage - 3rd Party,Open,16002.51,15965.89,6382.64,31968.4,38351.04
CLM-001185,POL-008052,Professional Liability,Professional Services,AZ,2026-02-05,2026-02-14,9,Misrepresentation,Closed,96111.89,0.0,9491.17,96111.89,105603.06
CLM-001186,POL-008055,BOP,Real Estate,WA,2024-04-15,2024-05-21,36,Wind/Hail,Closed,19712.89,0.0,3548.17,19712.89,23261.06
CLM-001187,POL-008062,BOP,Contractors,TX,2023-12-31,2024-01-04,4,Water Damage,Closed,15046.58,0.0,2363.75,15046.58,17410.33
CLM-001188,POL-008063,BOP,Contractors,TX,2024-11-26,2024-12-20,24,Fire,Closed,3192.84,0.0,466.41,3192.84,3659.25
CLM-001189,POL-008063,BOP,Contractors,TX,2024-09-07,2024-09-18,11,Fire,Closed,20599.49,0.0,3501.3,20599.49,24100.79
CLM-001190,POL-008063,BOP,Contractors,TX,2024-12-27,2025-02-11,46,Slip & Fall,Closed,4611.63,0.0,999.4,4611.63,5611.03
CLM-001191,POL-008067,Professional Liability,Professional Services,IL,2024-06-11,2024-12-08,180,Failure to Deliver,Open,21661.45,95009.18,15046.12,116670.63,131716.75
CLM-001192,POL-008086,General Liability,Real Estate,GA,2025-06-22,2025-12-15,176,Slip & Fall,Closed,9586.86,0.0,1527.04,9586.86,11113.9
CLM-001193,POL-008088,BOP,Contractors,OH,2023-10-14,2023-10-24,10,Theft/Burglary,Closed,49507.22,0.0,7877.11,49507.22,57384.33
CLM-001194,POL-008096,BOP,Professional Services,NC,2025-08-15,2025-09-10,26,Fire,Open,12080.12,19413.62,3951.13,31493.74,35444.87
CLM-001195,POL-008106,General Liability,Contractors,NC,2025-06-28,2026-06-28,365,Completed Operations,Open,1389.1,5460.69,697.22,6849.79,7547.01
CLM-001196,POL-008142,BOP,Real Estate,TX,2025-10-11,2025-10-14,3,Water Damage,Closed,13296.44,0.0,1462.12,13296.44,14758.56
CLM-001197,POL-008146,BOP,Restaurants & Food Service,NY,2026-01-03,2026-03-25,81,Business Interruption,Open,4625.51,5384.83,1521.44,10010.34,11531.78
CLM-001198,POL-008150,BOP,Retail,GA,2024-11-30,2024-12-28,28,Business Interruption,Closed,9190.56,0.0,971.24,9190.56,10161.8
CLM-001199,POL-008151,BOP,Restaurants & Food Service,IL,2025-03-03,2025-03-20,17,Business Interruption,Closed,18871.13,0.0,2076.9,18871.13,20948.03
CLM-001200,POL-008161,General Liability,Light Manufacturing,GA,2025-12-24,2026-01-08,15,Slip & Fall,Closed - No Pay,0.0,0.0,0.0,0.0,0.0
CLM-001201,POL-008176,BOP,Healthcare Services,IL,2026-02-12,2026-03-10,26,Fire,Open,1408.75,1735.93,281.46,3144.68,3426.14
CLM-001202,POL-008177,General Liability,Contractors,CA,2026-02-05,2026-02-08,3,Property Damage - 3rd Party,Open,2778.1,4447.78,451.6,7225.88,7677.48
CLM-001203,POL-008186,Professional Liability,Professional Services,OH,2024-01-16,2024-06-25,161,Negligent Act,Open,919.14,6250.43,1134.61,7169.57,8304.18
CLM-001204,POL-008186,Professional Liability,Professional Services,OH,2024-08-24,2025-03-19,207,Failure to Deliver,Open,14976.33,75709.84,5218.78,90686.17,95904.95
CLM-001205,POL-008189,General Liability,Light Manufacturing,NY,2025-10-13,2025-11-12,30,Slip & Fall,Closed,131920.7,0.0,26008.23,131920.7,157928.93
CLM-001206,POL-008197,General Liability,Light Manufacturing,FL,2025-04-02,2025-06-09,68,Personal & Advertising Injury,Closed,86136.97,0.0,18535.5,86136.97,104672.47
CLM-001207,POL-008213,BOP,Contractors,NC,2026-02-02,2026-03-26,52,Theft/Burglary,Closed,15147.04,0.0,1008.54,15147.04,16155.58
CLM-001208,POL-008221,General Liability,Professional Services,NC,2024-04-02,2024-05-11,39,Products Liability,Closed - No Pay,0.0,0.0,0.0,0.0,0.0
CLM-001209,POL-008229,General Liability,Contractors,CA,2026-04-02,2026-06-01,60,Products Liability,Closed,34951.61,0.0,2466.14,34951.61,37417.75
CLM-001210,POL-008229,General Liability,Contractors,CA,2026-04-03,2026-05-08,35,Completed Operations,Open,1062.24,6350.53,563.0,7412.77,7975.77
CLM-001211,POL-008231,General Liability,Healthcare Services,IL,2025-12-29,2026-03-11,72,Property Damage - 3rd Party,Open,8225.57,16812.8,5139.11,25038.37,30177.48
CLM-001212,POL-008235,General Liability,Light Manufacturing,CA,2024-06-29,2024-09-29,92,Property Damage - 3rd Party,Closed,24343.48,0.0,1797.36,24343.48,26140.84
CLM-001213,POL-008236,General Liability,Light Manufacturing,CA,2025-10-24,2026-01-19,87,Completed Operations,Open,442.09,6499.64,1138.95,6941.73,8080.68
CLM-001214,POL-008239,Professional Liability,Healthcare Services,OH,2024-08-03,2025-05-07,277,Failure to Deliver,Closed - No Pay,0.0,0.0,0.0,0.0,0.0
CLM-001215,POL-008255,General Liability,Contractors,NC,2024-02-27,2024-03-21,23,Property Damage - 3rd Party,Open,977.26,2041.69,441.1,3018.95,3460.05
CLM-001216,POL-008261,BOP,Contractors,NC,2025-08-10,2025-08-19,9,Fire,Open,8643.99,13565.73,2201.65,22209.72,24411.37
CLM-001217,POL-008267,BOP,Retail,NC,2026-03-05,2026-03-06,1,Fire,Closed,1059.12,0.0,177.98,1059.12,1237.1
CLM-001218,POL-008281,General Liability,Light Manufacturing,CA,2026-01-09,2026-01-30,21,Property Damage - 3rd Party,Open,873.64,1932.19,568.39,2805.83,3374.22
CLM-001219,POL-008283,BOP,Retail,IL,2024-02-07,2024-02-27,20,Theft/Burglary,Closed,5777.64,0.0,764.92,5777.64,6542.56
CLM-001220,POL-008285,BOP,Retail,IL,2025-11-03,2025-12-19,46,Slip & Fall,Closed,13299.94,0.0,2381.31,13299.94,15681.25
CLM-001221,POL-008292,General Liability,Restaurants & Food Service,CA,2024-04-08,2024-11-08,214,Products Liability,Closed - No Pay,0.0,0.0,0.0,0.0,0.0
CLM-001222,POL-008295,BOP,Professional Services,CA,2024-05-20,2024-06-12,23,Business Interruption,Open,4971.77,14789.62,3771.22,19761.39,23532.61
CLM-001223,POL-008297,BOP,Professional Services,CA,2026-02-06,2026-02-19,13,Theft/Burglary,Open,138.17,157.75,53.66,295.92,349.58
CLM-001224,POL-008299,General Liability,Light Manufacturing,WA,2026-04-05,2026-04-20,15,Products Liability,Closed,2961.01,0.0,523.33,2961.01,3484.34
CLM-001225,POL-008300,BOP,Retail,FL,2025-10-13,2025-10-15,2,Theft/Burglary,Open,278.44,3643.11,811.32,3921.55,4732.87
CLM-001226,POL-008305,BOP,Restaurants & Food Service,TX,2025-02-02,2025-02-23,21,Fire,Closed,8406.78,0.0,699.33,8406.78,9106.11
CLM-001227,POL-008305,BOP,Restaurants & Food Service,TX,2025-07-01,2025-07-19,18,Slip & Fall,Closed,8407.38,0.0,915.76,8407.38,9323.14
CLM-001228,POL-008306,BOP,Restaurants & Food Service,TX,2026-01-10,2026-02-28,49,Water Damage,Closed,1547.6,0.0,89.87,1547.6,1637.47
CLM-001229,POL-008308,BOP,Light Manufacturing,NY,2025-11-12,2025-11-23,11,Fire,Open,1040.0,3875.5,279.23,4915.5,5194.73
CLM-001230,POL-008309,BOP,Light Manufacturing,NY,2026-04-09,2026-05-17,38,Fire,Open,13212.81,23327.65,7049.8,36540.46,43590.26
CLM-001231,POL-008315,BOP,Real Estate,IL,2025-08-06,2025-08-27,21,Wind/Hail,Closed,3370.79,0.0,244.46,3370.79,3615.25
CLM-001232,POL-008338,Professional Liability,Professional Services,IL,2023-05-07,2024-04-19,348,Regulatory Proceeding,Closed,37975.54,0.0,7753.6,37975.54,45729.14
CLM-001233,POL-008341,BOP,Retail,IL,2025-03-26,2025-04-12,17,Slip & Fall,Closed,22976.1,0.0,4916.87,22976.1,27892.97
CLM-001234,POL-008348,General Liability,Contractors,IL,2026-04-17,2026-05-24,37,Personal & Advertising Injury,Open,2431.83,2313.87,796.03,4745.7,5541.73
CLM-001235,POL-008367,Professional Liability,Professional Services,TX,2025-08-14,2025-12-02,110,Misrepresentation,Open,64731.56,75216.72,7186.69,139948.28,147134.97
CLM-001236,POL-008376,BOP,Light Manufacturing,TX,2026-03-17,2026-03-21,4,Wind/Hail,Closed,21401.83,0.0,1586.61,21401.83,22988.44
CLM-001237,POL-008381,BOP,Retail,GA,2024-10-31,2024-10-31,0,Fire,Closed,7759.88,0.0,1406.41,7759.88,9166.29
CLM-001238,POL-008396,BOP,Healthcare Services,WA,2025-04-12,2025-05-02,20,Wind/Hail,Closed,16998.42,0.0,2833.74,16998.42,19832.16
CLM-001239,POL-008396,BOP,Healthcare Services,WA,2024-06-25,2024-07-17,22,Fire,Open,4909.54,5990.83,1969.96,10900.37,12870.33
CLM-001240,POL-008396,BOP,Healthcare Services,WA,2025-04-06,2025-06-09,64,Slip & Fall,Open,7033.28,9233.35,2246.37,16266.63,18513.0
CLM-001241,POL-008398,BOP,Restaurants & Food Service,IL,2025-05-23,2025-05-26,3,Slip & Fall,Closed - No Pay,0.0,0.0,0.0,0.0,0.0
CLM-001242,POL-008408,General Liability,Retail,FL,2026-01-30,2026-03-14,43,Property Damage - 3rd Party,Open,4005.54,7619.1,1651.46,11624.64,13276.1
CLM-001243,POL-008408,General Liability,Retail,FL,2026-01-29,2026-06-04,126,Products Liability,Open,4716.53,4901.9,602.91,9618.43,10221.34
CLM-001244,POL-008412,BOP,Contractors,TX,2025-02-09,2025-05-11,91,Wind/Hail,Closed,4657.27,0.0,771.47,4657.27,5428.74
CLM-001245,POL-008412,BOP,Contractors,TX,2024-10-28,2024-12-12,45,Wind/Hail,Closed,47671.94,0.0,3927.47,47671.94,51599.41
CLM-001246,POL-008415,General Liability,Retail,IL,2025-05-28,2025-06-22,25,Property Damage - 3rd Party,Closed,11556.29,0.0,2531.92,11556.29,14088.21
CLM-001247,POL-008420,General Liability,Contractors,WA,2025-07-31,2025-09-26,57,Personal & Advertising Injury,Open,9920.28,31826.04,7038.72,41746.32,48785.04
CLM-001248,POL-008421,General Liability,Contractors,WA,2025-09-08,2026-02-02,147,Personal & Advertising Injury,Open,14850.25,17353.73,1809.4,32203.98,34013.38
CLM-001249,POL-008432,Professional Liability,Healthcare Services,TX,2025-10-27,2026-03-06,130,Regulatory Proceeding,Closed,8822.04,0.0,1370.23,8822.04,10192.27
CLM-001250,POL-008434,General Liability,Healthcare Services,TX,2024-06-06,2025-02-17,256,Property Damage - 3rd Party,Closed,24296.52,0.0,3641.26,24296.52,27937.78
CLM-001251,POL-008439,BOP,Restaurants & Food Service,TX,2026-03-28,2026-04-03,6,Theft/Burglary,Open,6618.92,7559.27,2233.93,14178.19,16412.12
CLM-001252,POL-008442,Professional Liability,Professional Services,CA,2025-04-19,2025-10-30,194,Breach of Duty,Closed - No Pay,0.0,0.0,0.0,0.0,0.0
CLM-001253,POL-008458,General Liability,Real Estate,IL,2025-06-16,2025-09-04,80,Completed Operations,Closed,141956.51,0.0,10254.35,141956.51,152210.86
CLM-001254,POL-008462,General Liability,Contractors,WA,2024-08-15,2024-08-15,0,Completed Operations,Closed,14867.27,0.0,1159.83,14867.27,16027.1
CLM-001255,POL-008464,General Liability,Contractors,WA,2026-04-27,2026-05-28,31,Slip & Fall,Open,7178.29,45150.77,3530.21,52329.06,55859.27
CLM-001256,POL-008480,BOP,Contractors,FL,2025-11-15,2025-11-16,1,Theft/Burglary,Open,880.39,6157.02,866.88,7037.41,7904.29
CLM-001257,POL-008481,BOP,Contractors,FL,2026-03-26,2026-04-19,24,Wind/Hail,Closed,1275.35,0.0,111.73,1275.35,1387.08
CLM-001258,POL-008486,Professional Liability,Healthcare Services,NC,2025-09-15,2025-11-23,69,Failure to Deliver,Closed,56564.45,0.0,11922.58,56564.45,68487.03
CLM-001259,POL-008488,Professional Liability,Healthcare Services,FL,2025-06-11,2026-02-28,262,Failure to Deliver,Closed,195993.03,0.0,35288.1,195993.03,231281.13
CLM-001260,POL-008493,General Liability,Contractors,GA,2025-05-09,2025-06-08,30,Products Liability,Open,35336.3,226515.6,19884.66,261851.9,281736.56
CLM-001261,POL-008501,General Liability,Light Manufacturing,NC,2023-08-08,2023-12-11,125,Personal & Advertising Injury,Closed,155782.21,0.0,23662.74,155782.21,179444.95
CLM-001262,POL-008502,General Liability,Light Manufacturing,NC,2024-11-14,2025-01-03,50,Slip & Fall,Closed,50050.72,0.0,4588.82,50050.72,54639.54
CLM-001263,POL-008503,General Liability,Light Manufacturing,NC,2025-11-05,2026-04-04,150,Slip & Fall,Closed,48851.91,0.0,9568.62,48851.91,58420.53
CLM-001264,POL-008511,Professional Liability,Technology,WA,2025-12-28,2026-01-06,9,Breach of Duty,Closed,30106.51,0.0,2268.77,30106.51,32375.28
CLM-001265,POL-008513,BOP,Restaurants & Food Service,NY,2024-08-03,2024-08-20,17,Wind/Hail,Closed,5628.01,0.0,503.24,5628.01,6131.25
CLM-001266,POL-008530,BOP,Technology,TX,2024-07-08,2024-08-15,38,Theft/Burglary,Closed,8411.4,0.0,1752.72,8411.4,10164.12
CLM-001267,POL-008530,BOP,Technology,TX,2024-08-11,2024-08-24,13,Water Damage,Open,2177.62,3109.03,875.61,5286.65,6162.26
CLM-001268,POL-008535,General Liability,Professional Services,FL,2024-08-18,2025-01-02,137,Products Liability,Open,2066.89,6419.41,1199.63,8486.3,9685.93
CLM-001269,POL-008542,BOP,Restaurants & Food Service,GA,2024-10-25,2024-11-26,32,Water Damage,Closed,29639.06,0.0,3496.15,29639.06,33135.21
CLM-001270,POL-008559,BOP,Restaurants & Food Service,IL,2025-09-21,2025-09-27,6,Water Damage,Closed,2090.28,0.0,165.19,2090.28,2255.47
CLM-001271,POL-008561,BOP,Retail,IL,2025-06-21,2025-08-13,53,Slip & Fall,Closed,4126.42,0.0,906.68,4126.42,5033.1
CLM-001272,POL-008571,General Liability,Healthcare Services,NY,2024-06-24,2024-08-30,67,Slip & Fall,Closed,13581.41,0.0,1773.55,13581.41,15354.96
CLM-001273,POL-008575,General Liability,Light Manufacturing,NC,2025-03-16,2025-03-17,1,Personal & Advertising Injury,Closed - No Pay,0.0,0.0,0.0,0.0,0.0
CLM-001274,POL-008586,BOP,Light Manufacturing,AZ,2025-01-20,2025-01-30,10,Fire,Closed,6381.43,0.0,950.48,6381.43,7331.91
CLM-001275,POL-008587,BOP,Light Manufacturing,AZ,2025-12-13,2025-12-29,16,Theft/Burglary,Open,5702.11,11817.86,1946.43,17519.97,19466.4
CLM-001276,POL-008591,BOP,Light Manufacturing,FL,2024-07-18,2024-10-03,77,Business Interruption,Closed,20146.96,0.0,1084.36,20146.96,21231.32
CLM-001277,POL-008596,General Liability,Contractors,OH,2026-03-27,2026-05-22,56,Products Liability,Open,1845.46,18074.35,3420.1,19919.81,23339.91
CLM-001278,POL-008609,General Liability,Contractors,AZ,2023-11-18,2024-01-21,64,Completed Operations,Closed,79621.46,0.0,16668.56,79621.46,96290.02
CLM-001279,POL-008610,General Liability,Contractors,AZ,2025-05-31,2025-07-02,32,Slip & Fall,Closed,77153.51,0.0,12672.57,77153.51,89826.08
CLM-001280,POL-008611,General Liability,Contractors,AZ,2025-12-17,2026-05-26,160,Property Damage - 3rd Party,Open,14513.22,16609.47,1832.6,31122.69,32955.29
CLM-001281,POL-008622,Professional Liability,Professional Services,CA,2025-10-16,2026-05-10,206,Failure to Deliver,Open,156572.19,199365.14,36940.66,355937.33,392877.99
CLM-001282,POL-008622,Professional Liability,Professional Services,CA,2025-10-26,2026-04-23,179,Misrepresentation,Open,3369.96,13305.73,2933.2,16675.69,19608.89
CLM-001283,POL-008655,BOP,Retail,FL,2024-08-09,2024-10-04,56,Slip & Fall,Closed,7045.01,0.0,636.6,7045.01,7681.61
CLM-001284,POL-008681,Professional Liability,Healthcare Services,TX,2024-01-12,2024-04-11,90,Failure to Deliver,Open,2589.72,12238.06,1296.94,14827.78,16124.72
CLM-001285,POL-008685,BOP,Professional Services,NY,2026-02-23,2026-03-28,33,Theft/Burglary,Closed,2745.23,0.0,211.27,2745.23,2956.5
CLM-001286,POL-008686,General Liability,Light Manufacturing,IL,2025-01-03,2025-02-09,37,Products Liability,Closed,57290.88,0.0,8728.27,57290.88,66019.15
CLM-001287,POL-008686,General Liability,Light Manufacturing,IL,2025-06-16,2025-10-02,108,Personal & Advertising Injury,Open,3243.26,3185.03,1081.96,6428.29,7510.25
CLM-001288,POL-008689,BOP,Restaurants & Food Service,IL,2025-06-29,2025-09-10,73,Business Interruption,Closed,3627.44,0.0,579.14,3627.44,4206.58
CLM-001289,POL-008699,General Liability,Real Estate,TX,2023-11-26,2024-02-20,86,Personal & Advertising Injury,Closed,8057.18,0.0,853.88,8057.18,8911.06
CLM-001290,POL-008703,General Liability,Contractors,CA,2024-11-07,2025-01-16,70,Slip & Fall,Closed,51308.31,0.0,4157.52,51308.31,55465.83
CLM-001291,POL-008704,General Liability,Contractors,CA,2026-03-21,2026-04-23,33,Slip & Fall,Closed - No Pay,0.0,0.0,0.0,0.0,0.0
CLM-001292,POL-008704,General Liability,Contractors,CA,2026-06-23,2026-06-27,4,Products Liability,Open,956.46,10142.32,1690.46,11098.78,12789.24
CLM-001293,POL-008704,General Liability,Contractors,CA,2025-12-05,2026-01-27,53,Personal & Advertising Injury,Closed,866240.72,0.0,136481.27,866240.72,1002721.99
CLM-001294,POL-008707,BOP,Light Manufacturing,GA,2025-04-24,2025-07-12,79,Business Interruption,Open,3501.93,8517.43,2165.63,12019.36,14184.99
CLM-001295,POL-008716,General Liability,Contractors,IL,2025-05-08,2025-09-08,123,Slip & Fall,Closed,167009.47,0.0,33474.31,167009.47,200483.78
CLM-001296,POL-008723,General Liability,Contractors,TX,2024-04-28,2024-10-20,175,Slip & Fall,Closed - No Pay,0.0,0.0,0.0,0.0,0.0
CLM-001297,POL-008724,General Liability,Contractors,TX,2025-09-02,2026-04-09,219,Completed Operations,Open,18072.13,21018.03,4657.41,39090.16,43747.57
CLM-001298,POL-008725,BOP,Restaurants & Food Service,IL,2026-01-18,2026-01-25,7,Water Damage,Closed,18523.0,0.0,1450.69,18523.0,19973.69
CLM-001299,POL-008726,BOP,Light Manufacturing,NY,2024-07-15,2024-08-26,42,Business Interruption,Closed,14332.52,0.0,1562.04,14332.52,15894.56
CLM-001300,POL-008729,General Liability,Real Estate,FL,2025-06-11,2025-07-28,47,Slip & Fall,Open,1784.24,11055.7,1608.74,12839.94,14448.68
CLM-001301,POL-008732,General Liability,Retail,IL,2025-12-14,2026-03-04,80,Slip & Fall,Open,5148.06,19686.58,2367.85,24834.64,27202.49
CLM-001302,POL-008737,General Liability,Contractors,TX,2026-03-14,2026-03-19,5,Completed Operations,Open,3363.68,12304.59,696.43,15668.27,16364.7
CLM-001303,POL-008738,General Liability,Light Manufacturing,WA,2025-06-22,2025-07-07,15,Products Liability,Closed,2965.44,0.0,221.96,2965.44,3187.4
CLM-001304,POL-008742,BOP,Real Estate,FL,2026-05-21,2026-05-21,0,Theft/Burglary,Open,930.8,7311.4,986.28,8242.2,9228.48
CLM-001305,POL-008748,Professional Liability,Technology,IL,2024-09-08,2024-12-30,113,Negligent Act,Open,16020.14,34268.55,10341.37,50288.69,60630.06
CLM-001306,POL-008752,General Liability,Contractors,FL,2026-02-11,2026-03-15,32,Property Damage - 3rd Party,Open,6559.89,61003.42,9036.74,67563.31,76600.05
CLM-001307,POL-008759,General Liability,Contractors,AZ,2025-08-17,2025-12-06,111,Personal & Advertising Injury,Open,5078.65,7100.43,1461.35,12179.08,13640.43
CLM-001308,POL-008770,BOP,Real Estate,IL,2023-07-19,2023-09-12,55,Fire,Closed - No Pay,0.0,0.0,0.0,0.0,0.0
CLM-001309,POL-008783,BOP,Restaurants & Food Service,GA,2025-12-02,2025-12-17,15,Slip & Fall,Open,2637.63,3342.49,899.94,5980.12,6880.06
CLM-001310,POL-008798,General Liability,Light Manufacturing,OH,2023-11-22,2024-02-03,73,Slip & Fall,Closed,7775.87,0.0,423.59,7775.87,8199.46
CLM-001311,POL-008801,General Liability,Contractors,FL,2023-11-23,2025-02-26,461,Property Damage - 3rd Party,Closed - No Pay,0.0,0.0,0.0,0.0,0.0
CLM-001312,POL-008801,General Liability,Contractors,FL,2024-03-22,2024-09-01,163,Completed Operations,Open,11012.81,23686.03,7250.63,34698.84,41949.47
CLM-001313,POL-008802,General Liability,Contractors,FL,2025-04-06,2025-09-06,153,Personal & Advertising Injury,Closed,95740.24,0.0,6130.94,95740.24,101871.18
CLM-001314,POL-008806,BOP,Contractors,NY,2024-07-31,2024-09-04,35,Water Damage,Closed,40945.12,0.0,3337.58,40945.12,44282.7
CLM-001315,POL-008806,BOP,Contractors,NY,2024-02-28,2024-03-02,3,Wind/Hail,Closed,3317.69,0.0,416.76,3317.69,3734.45
CLM-001316,POL-008813,BOP,Light Manufacturing,IL,2025-03-12,2025-03-12,0,Slip & Fall,Open,1421.82,1296.43,161.1,2718.25,2879.35
CLM-001317,POL-008834,General Liability,Contractors,IL,2025-10-12,2025-11-01,20,Products Liability,Closed,51205.86,0.0,3192.01,51205.86,54397.87
CLM-001318,POL-008836,BOP,Restaurants & Food Service,CA,2025-01-28,2025-02-05,8,Fire,Open,2459.52,18553.79,945.96,21013.31,21959.27
CLM-001319,POL-008858,BOP,Restaurants & Food Service,NC,2026-03-24,2026-04-01,8,Wind/Hail,Open,2014.11,3584.1,718.38,5598.21,6316.59
CLM-001320,POL-008858,BOP,Restaurants & Food Service,NC,2025-07-16,2025-08-05,20,Wind/Hail,Closed,6755.81,0.0,1041.43,6755.81,7797.24
CLM-001321,POL-008866,General Liability,Contractors,FL,2025-10-14,2025-11-03,20,Products Liability,Open,8584.81,10415.34,2444.53,19000.15,21444.68
CLM-001322,POL-008868,General Liability,Light Manufacturing,FL,2026-02-10,2026-03-11,29,Property Damage - 3rd Party,Open,6956.84,36949.75,1838.99,43906.59,45745.58
CLM-001323,POL-008895,General Liability,Contractors,CA,2025-07-11,2025-08-30,50,Personal & Advertising Injury,Closed,220763.66,0.0,17340.06,220763.66,238103.72
CLM-001324,POL-008896,General Liability,Real Estate,CA,2023-06-28,2023-08-16,49,Completed Operations,Closed,2840.78,0.0,447.09,2840.78,3287.87
CLM-001325,POL-008900,General Liability,Contractors,OH,2023-06-30,2024-02-22,237,Personal & Advertising Injury,Closed,18353.14,0.0,931.67,18353.14,19284.81
CLM-001326,POL-008904,BOP,Real Estate,OH,2024-09-25,2024-10-25,30,Theft/Burglary,Open,2559.28,4745.7,725.12,7304.98,8030.1
CLM-001327,POL-008917,BOP,Light Manufacturing,FL,2025-08-06,2025-08-08,2,Business Interruption,Open,4284.28,4513.42,856.64,8797.7,9654.34
CLM-001328,POL-008918,General Liability,Light Manufacturing,OH,2025-07-06,2025-10-07,93,Personal & Advertising Injury,Closed,41181.92,0.0,7527.08,41181.92,48709.0
CLM-001329,POL-008935,BOP,Retail,GA,2026-03-22,2026-05-04,43,Water Damage,Closed,9899.08,0.0,1590.96,9899.08,11490.04
CLM-001330,POL-008938,General Liability,Contractors,IL,2025-12-20,2025-12-22,2,Personal & Advertising Injury,Closed,8453.42,0.0,442.72,8453.42,8896.14
CLM-001331,POL-008942,Professional Liability,Healthcare Services,CA,2024-12-17,2025-01-08,22,Misrepresentation,Closed,17028.93,0.0,1013.35,17028.93,18042.28
CLM-001332,POL-008942,Professional Liability,Healthcare Services,CA,2025-03-18,2025-03-23,5,Breach of Duty,Open,5921.5,21095.62,1681.42,27017.12,28698.54
CLM-001333,POL-008947,General Liability,Restaurants & Food Service,NY,2026-04-25,2026-06-25,61,Completed Operations,Open,10906.39,14088.47,3972.13,24994.86,28966.99
CLM-001334,POL-008951,Professional Liability,Healthcare Services,CA,2024-03-07,2025-07-10,490,Negligent Act,Open,26094.08,26724.82,9539.06,52818.9,62357.96
CLM-001335,POL-008964,General Liability,Real Estate,FL,2025-03-21,2025-05-14,54,Products Liability,Closed - No Pay,0.0,0.0,0.0,0.0,0.0
CLM-001336,POL-008966,BOP,Professional Services,OH,2024-09-16,2024-10-28,42,Water Damage,Open,6464.6,6769.46,2478.31,13234.06,15712.37
CLM-001337,POL-008973,General Liability,Contractors,IL,2025-12-22,2026-02-08,48,Slip & Fall,Open,25535.84,105318.41,20524.03,130854.25,151378.28
CLM-001338,POL-008992,BOP,Contractors,AZ,2023-09-24,2023-10-18,24,Water Damage,Open,1891.16,4782.01,807.2,6673.17,7480.37
CLM-001339,POL-009001,BOP,Restaurants & Food Service,GA,2025-01-15,2025-03-18,62,Wind/Hail,Closed,34029.13,0.0,1405.23,34029.13,35434.36
CLM-001340,POL-009002,BOP,Restaurants & Food Service,GA,2025-03-08,2025-03-13,5,Wind/Hail,Closed,23810.02,0.0,3877.0,23810.02,27687.02
CLM-001341,POL-009004,General Liability,Contractors,NY,2025-01-04,2025-02-26,53,Property Damage - 3rd Party,Open,5219.24,8988.36,1727.83,14207.6,15935.43
CLM-001342,POL-009018,General Liability,Real Estate,CA,2025-01-11,2025-05-17,126,Products Liability,Closed,2716.06,0.0,505.4,2716.06,3221.46
CLM-001343,POL-009025,General Liability,Contractors,TX,2023-06-24,2023-07-31,37,Personal & Advertising Injury,Closed,155689.74,0.0,12323.36,155689.74,168013.1
CLM-001344,POL-009030,General Liability,Restaurants & Food Service,TX,2025-10-29,2025-11-02,4,Personal & Advertising Injury,Closed,41496.25,0.0,3527.41,41496.25,45023.66
CLM-001345,POL-009054,General Liability,Contractors,FL,2024-02-10,2024-02-10,0,Personal & Advertising Injury,Closed,64607.55,0.0,8345.07,64607.55,72952.62
CLM-001346,POL-009054,General Liability,Contractors,FL,2024-08-29,2024-09-23,25,Slip & Fall,Closed,6058.08,0.0,1327.83,6058.08,7385.91
CLM-001347,POL-009055,General Liability,Contractors,FL,2025-01-14,2025-03-04,49,Slip & Fall,Closed - No Pay,0.0,0.0,0.0,0.0,0.0
CLM-001348,POL-009057,BOP,Real Estate,GA,2024-11-29,2025-02-15,78,Wind/Hail,Closed,2964.66,0.0,361.06,2964.66,3325.72
CLM-001349,POL-009062,BOP,Restaurants & Food Service,IL,2023-08-23,2023-10-02,40,Slip & Fall,Closed,6372.24,0.0,1356.08,6372.24,7728.32
CLM-001350,POL-009063,General Liability,Contractors,IL,2023-09-30,2024-01-03,95,Completed Operations,Open,32050.89,41694.02,15164.83,73744.91,88909.74
CLM-001351,POL-009077,Professional Liability,Healthcare Services,AZ,2024-06-09,2025-02-22,258,Failure to Deliver,Closed,653304.24,0.0,134575.83,653304.24,787880.07
CLM-001352,POL-009088,BOP,Restaurants & Food Service,FL,2025-04-28,2025-05-18,20,Theft/Burglary,Open,1189.91,10055.96,2023.82,11245.87,13269.69
CLM-001353,POL-009095,BOP,Contractors,WA,2025-07-29,2025-08-05,7,Fire,Open,928.65,1429.69,151.11,2358.34,2509.45
CLM-001354,POL-009104,General Liability,Light Manufacturing,GA,2025-07-09,2026-06-12,338,Slip & Fall,Open,7818.14,108399.48,10713.09,116217.62,126930.71
CLM-001355,POL-009130,General Liability,Contractors,TX,2026-03-18,2026-04-20,33,Completed Operations,Open,38475.59,94609.51,28074.11,133085.1,161159.21
CLM-001356,POL-009145,BOP,Professional Services,IL,2026-06-05,2026-06-23,18,Slip & Fall,Closed,4611.52,0.0,719.07,4611.52,5330.59
CLM-001357,POL-009147,General Liability,Contractors,NY,2024-10-17,2025-04-04,169,Completed Operations,Closed,27956.7,0.0,4301.86,27956.7,32258.56
CLM-001358,POL-009149,BOP,Restaurants & Food Service,TX,2024-03-09,2024-06-27,110,Slip & Fall,Closed,52902.79,0.0,7016.35,52902.79,59919.14
CLM-001359,POL-009150,BOP,Restaurants & Food Service,TX,2025-07-18,2025-07-25,7,Theft/Burglary,Closed,21140.08,0.0,2758.86,21140.08,23898.94
CLM-001360,POL-009189,Professional Liability,Healthcare Services,FL,2023-11-17,2024-02-18,93,Regulatory Proceeding,Closed,59051.01,0.0,9495.42,59051.01,68546.43
CLM-001361,POL-009194,General Liability,Contractors,CA,2024-11-21,2025-06-15,206,Personal & Advertising Injury,Closed,361555.61,0.0,18626.85,361555.61,380182.46
CLM-001362,POL-009200,General Liability,Retail,NY,2025-04-22,2026-02-02,286,Products Liability,Open,433.55,4031.72,388.53,4465.27,4853.8
CLM-001363,POL-009202,BOP,Retail,TX,2023-06-17,2023-08-20,64,Slip & Fall,Closed,3401.86,0.0,670.19,3401.86,4072.05
CLM-001364,POL-009207,BOP,Restaurants & Food Service,FL,2026-01-12,2026-01-15,3,Fire,Closed - No Pay,0.0,0.0,0.0,0.0,0.0
CLM-001365,POL-009209,General Liability,Contractors,CA,2024-12-28,2025-02-11,45,Completed Operations,Open,16880.75,24743.19,7104.1,41623.94,48728.04
CLM-001366,POL-009216,BOP,Retail,OH,2024-11-09,2024-11-22,13,Fire,Closed,18363.69,0.0,3715.91,18363.69,22079.6
CLM-001367,POL-009217,BOP,Retail,OH,2025-11-06,2025-12-02,26,Fire,Open,1532.68,1726.34,514.21,3259.02,3773.23
CLM-001368,POL-009248,BOP,Real Estate,NC,2023-02-14,2023-02-16,2,Business Interruption,Closed,1503.74,0.0,108.27,1503.74,1612.01
CLM-001369,POL-009248,BOP,Real Estate,NC,2023-04-14,2023-06-05,52,Theft/Burglary,Closed - No Pay,0.0,0.0,0.0,0.0,0.0
CLM-001370,POL-009260,BOP,Professional Services,OH,2023-06-09,2023-06-27,18,Fire,Closed - No Pay,0.0,0.0,0.0,0.0,0.0
CLM-001371,POL-009261,BOP,Professional Services,OH,2024-04-10,2024-04-18,8,Theft/Burglary,Closed - No Pay,0.0,0.0,0.0,0.0,0.0
CLM-001372,POL-009264,BOP,Retail,AZ,2026-02-09,2026-02-19,10,Business Interruption,Open,221.01,1964.18,105.84,2185.19,2291.03
CLM-001373,POL-009268,General Liability,Contractors,NY,2023-07-17,2023-08-03,17,Slip & Fall,Closed - No Pay,0.0,0.0,0.0,0.0,0.0
CLM-001374,POL-009279,BOP,Restaurants & Food Service,IL,2026-03-23,2026-04-11,19,Business Interruption,Closed,5867.23,0.0,560.19,5867.23,6427.42
CLM-001375,POL-009280,General Liability,Contractors,FL,2023-07-29,2023-09-14,47,Property Damage - 3rd Party,Closed,89036.53,0.0,8276.06,89036.53,97312.59
CLM-001376,POL-009282,General Liability,Light Manufacturing,NY,2026-02-13,2026-02-19,6,Slip & Fall,Open,9964.59,30337.93,2322.92,40302.52,42625.44
CLM-001377,POL-009289,General Liability,Light Manufacturing,TX,2024-08-23,2024-11-04,73,Slip & Fall,Closed,11312.68,0.0,557.68,11312.68,11870.36
CLM-001378,POL-009292,BOP,Light Manufacturing,TX,2026-06-04,2026-06-18,14,Business Interruption,Open,3670.36,6930.98,1180.92,10601.34,11782.26
CLM-001379,POL-009292,BOP,Light Manufacturing,TX,2025-10-25,2025-12-05,41,Water Damage,Closed,2426.86,0.0,446.24,2426.86,2873.1
CLM-001380,POL-009300,BOP,Retail,CA,2026-04-18,2026-05-30,42,Fire,Open,9912.58,43619.47,9966.93,53532.05,63498.98
CLM-001381,POL-009303,Professional Liability,Healthcare Services,IL,2025-12-19,2026-04-11,113,Misrepresentation,Open,2266.57,7155.55,720.62,9422.12,10142.74
CLM-001382,POL-009314,General Liability,Healthcare Services,IL,2025-07-01,2025-07-15,14,Products Liability,Closed - No Pay,0.0,0.0,0.0,0.0,0.0
CLM-001383,POL-009315,General Liability,Healthcare Services,IL,2026-03-25,2026-04-09,15,Completed Operations,Open,6458.81,8655.23,1863.89,15114.04,16977.93
CLM-001384,POL-009335,General Liability,Restaurants & Food Service,TX,2024-07-28,2024-08-04,7,Slip & Fall,Closed,3742.99,0.0,156.8,3742.99,3899.79
CLM-001385,POL-009352,General Liability,Retail,CA,2026-03-18,2026-03-21,3,Products Liability,Open,1086.51,987.4,207.04,2073.91,2280.95
CLM-001386,POL-009363,BOP,Contractors,NC,2025-09-09,2025-09-28,19,Water Damage,Open,1791.92,6087.23,536.13,7879.15,8415.28
CLM-001387,POL-009382,General Liability,Real Estate,CA,2025-11-21,2025-12-14,23,Slip & Fall,Open,2322.21,8365.49,1370.73,10687.7,12058.43
CLM-001388,POL-009388,BOP,Healthcare Services,IL,2023-04-19,2023-05-07,18,Slip & Fall,Closed,12432.53,0.0,1140.36,12432.53,13572.89
CLM-001389,POL-009403,BOP,Real Estate,GA,2026-01-13,2026-02-10,28,Fire,Closed,56785.36,0.0,4895.22,56785.36,61680.58
CLM-001390,POL-009406,BOP,Retail,CA,2025-02-16,2025-02-16,0,Fire,Open,1971.61,1886.03,781.53,3857.64,4639.17
CLM-001391,POL-009407,Professional Liability,Light Manufacturing,IL,2025-01-04,2025-10-31,300,Regulatory Proceeding,Open,40289.8,263957.68,38553.3,304247.48,342800.78
CLM-001392,POL-009417,BOP,Contractors,NY,2024-07-29,2024-09-06,39,Theft/Burglary,Closed,87821.72,0.0,15247.4,87821.72,103069.12
CLM-001393,POL-009424,BOP,Real Estate,GA,2024-05-09,2024-06-24,46,Theft/Burglary,Closed,5597.21,0.0,587.51,5597.21,6184.72
CLM-001394,POL-009425,BOP,Real Estate,GA,2025-10-04,2025-11-09,36,Wind/Hail,Closed,11152.7,0.0,1425.16,11152.7,12577.86
CLM-001395,POL-009428,BOP,Restaurants & Food Service,NC,2024-11-13,2025-01-02,50,Fire,Open,1350.22,8538.96,1308.77,9889.18,11197.95
CLM-001396,POL-009428,BOP,Restaurants & Food Service,NC,2024-11-24,2024-11-30,6,Business Interruption,Closed,526.01,0.0,93.42,526.01,619.43
CLM-001397,POL-009428,BOP,Restaurants & Food Service,NC,2024-11-17,2024-11-17,0,Theft/Burglary,Closed,36996.74,0.0,8130.11,36996.74,45126.85
CLM-001398,POL-009435,General Liability,Contractors,WA,2025-11-20,2026-01-10,51,Products Liability,Closed,29254.92,0.0,5387.65,29254.92,34642.57
CLM-001399,POL-009441,BOP,Healthcare Services,IL,2026-04-23,2026-04-29,6,Wind/Hail,Closed - No Pay,0.0,0.0,0.0,0.0,0.0
CLM-001400,POL-009446,General Liability,Light Manufacturing,WA,2023-10-29,2024-01-12,75,Property Damage - 3rd Party,Open,11990.38,46174.19,10013.42,58164.57,68177.99
CLM-001401,POL-009450,BOP,Real Estate,OH,2023-07-21,2023-07-24,3,Water Damage,Closed,49599.76,0.0,6060.13,49599.76,55659.89
CLM-001402,POL-009452,BOP,Real Estate,OH,2025-10-28,2025-10-30,2,Slip & Fall,Closed,9141.85,0.0,1023.65,9141.85,10165.5
CLM-001403,POL-009455,BOP,Professional Services,AZ,2026-02-20,2026-03-02,10,Business Interruption,Open,2048.52,5901.0,783.93,7949.52,8733.45
CLM-001404,POL-009456,BOP,Restaurants & Food Service,CA,2024-05-12,2024-05-17,5,Fire,Closed,4067.92,0.0,699.2,4067.92,4767.12
CLM-001405,POL-009482,BOP,Real Estate,TX,2025-10-30,2025-12-17,48,Fire,Open,8291.07,8048.88,2437.19,16339.95,18777.14
CLM-001406,POL-009484,BOP,Contractors,NC,2026-03-06,2026-03-18,12,Business Interruption,Closed,8046.57,0.0,1077.93,8046.57,9124.5
CLM-001407,POL-009495,Professional Liability,Contractors,NY,2025-09-04,2025-10-16,42,Failure to Deliver,Open,12909.35,14461.05,2721.48,27370.4,30091.88
CLM-001408,POL-009499,General Liability,Real Estate,FL,2025-08-19,2026-02-11,176,Products Liability,Open,410268.37,738991.34,103091.82,1149259.71,1252351.53
CLM-001409,POL-009504,Professional Liability,Technology,WA,2023-05-27,2023-07-22,56,Failure to Deliver,Closed,6884.23,0.0,1355.88,6884.23,8240.11
CLM-001410,POL-009518,General Liability,Light Manufacturing,OH,2025-01-07,2025-04-16,99,Slip & Fall,Open,14020.43,50292.74,8305.93,64313.17,72619.1
CLM-001411,POL-009528,General Liability,Contractors,FL,2025-12-25,2026-03-11,76,Personal & Advertising Injury,Closed,67957.53,0.0,4689.46,67957.53,72646.99
CLM-001412,POL-009536,BOP,Retail,IL,2024-06-18,2024-07-05,17,Business Interruption,Closed,8919.57,0.0,789.34,8919.57,9708.91
CLM-001413,POL-009545,BOP,Contractors,GA,2025-06-08,2025-07-29,51,Slip & Fall,Open,11908.24,11463.23,4599.78,23371.47,27971.25
CLM-001414,POL-009559,BOP,Retail,CA,2025-10-01,2025-10-01,0,Wind/Hail,Open,2903.31,4099.66,817.28,7002.97,7820.25
CLM-001415,POL-009576,General Liability,Contractors,NC,2025-04-19,2025-07-11,83,Property Damage - 3rd Party,Closed,24383.12,0.0,3391.02,24383.12,27774.14
CLM-001416,POL-009580,BOP,Restaurants & Food Service,FL,2025-01-06,2025-02-02,27,Slip & Fall,Closed,14724.53,0.0,1951.05,14724.53,16675.58
CLM-001417,POL-009581,BOP,Restaurants & Food Service,GA,2025-04-29,2025-06-26,58,Water Damage,Closed,15100.35,0.0,2932.58,15100.35,18032.93
CLM-001418,POL-009581,BOP,Restaurants & Food Service,GA,2025-09-21,2025-10-21,30,Slip & Fall,Open,458.62,3078.68,476.02,3537.3,4013.32
CLM-001419,POL-009590,BOP,Professional Services,IL,2025-11-14,2025-11-22,8,Water Damage,Open,112.33,887.25,50.72,999.58,1050.3
CLM-001420,POL-009598,BOP,Retail,GA,2023-08-26,2023-09-06,11,Theft/Burglary,Closed,20702.53,0.0,2224.51,20702.53,22927.04
CLM-001421,POL-009599,BOP,Retail,GA,2024-12-20,2024-12-29,9,Theft/Burglary,Closed,1139.84,0.0,212.76,1139.84,1352.6
CLM-001422,POL-009599,BOP,Retail,GA,2024-12-15,2025-01-01,17,Wind/Hail,Closed,10253.12,0.0,1502.59,10253.12,11755.71
CLM-001423,POL-009600,BOP,Retail,TX,2024-10-15,2024-10-26,11,Theft/Burglary,Closed,4406.19,0.0,510.61,4406.19,4916.8
CLM-001424,POL-009619,BOP,Restaurants & Food Service,NC,2025-01-28,2025-02-16,19,Water Damage,Closed,7359.34,0.0,1113.82,7359.34,8473.16
CLM-001425,POL-009620,BOP,Restaurants & Food Service,NC,2025-04-28,2025-05-03,5,Slip & Fall,Closed,3105.07,0.0,485.11,3105.07,3590.18
CLM-001426,POL-009625,General Liability,Contractors,OH,2026-03-05,2026-04-21,47,Products Liability,Open,10340.42,15183.6,3389.77,25524.02,28913.79
CLM-001427,POL-009626,BOP,Healthcare Services,TX,2025-04-10,2025-04-16,6,Slip & Fall,Closed,13222.81,0.0,1021.8,13222.81,14244.61
CLM-001428,POL-009632,BOP,Restaurants & Food Service,WA,2024-01-14,2024-02-03,20,Wind/Hail,Open,2744.24,3425.74,310.07,6169.98,6480.05
CLM-001429,POL-009639,General Liability,Contractors,WA,2026-03-14,2026-04-14,31,Property Damage - 3rd Party,Open,10259.59,19764.84,3529.67,30024.43,33554.1
CLM-001430,POL-009639,General Liability,Contractors,WA,2026-04-26,2026-06-17,52,Products Liability,Open,191913.11,292197.83,98364.29,484110.94,582475.23
CLM-001431,POL-009651,Professional Liability,Healthcare Services,TX,2024-10-14,2025-01-03,81,Regulatory Proceeding,Closed,12034.8,0.0,962.45,12034.8,12997.25
CLM-001432,POL-009673,BOP,Retail,TX,2025-05-29,2025-06-07,9,Theft/Burglary,Open,2132.02,5613.79,603.76,7745.81,8349.57
CLM-001433,POL-009692,BOP,Restaurants & Food Service,GA,2025-08-03,2025-10-12,70,Slip & Fall,Closed,38174.33,0.0,3806.87,38174.33,41981.2
CLM-001434,POL-009704,General Liability,Real Estate,NC,2024-10-12,2024-11-30,49,Completed Operations,Open,1280.04,17850.08,1169.9,19130.12,20300.02
CLM-001435,POL-009706,General Liability,Restaurants & Food Service,TX,2024-02-24,2024-03-11,16,Property Damage - 3rd Party,Closed,3814.0,0.0,259.76,3814.0,4073.76
CLM-001436,POL-009707,General Liability,Restaurants & Food Service,TX,2024-07-14,2024-12-16,155,Completed Operations,Open,1120.51,2882.79,383.41,4003.3,4386.71
CLM-001437,POL-009707,General Liability,Restaurants & Food Service,TX,2025-04-04,2025-05-04,30,Personal & Advertising Injury,Closed,54903.74,0.0,6987.32,54903.74,61891.06
CLM-001438,POL-009707,General Liability,Restaurants & Food Service,TX,2024-06-18,2024-07-07,19,Property Damage - 3rd Party,Closed,11101.44,0.0,1367.26,11101.44,12468.7
CLM-001439,POL-009707,General Liability,Restaurants & Food Service,TX,2024-05-19,2024-05-25,6,Products Liability,Closed,4324.51,0.0,423.85,4324.51,4748.36
CLM-001440,POL-009719,BOP,Retail,IL,2024-11-10,2025-01-18,69,Wind/Hail,Closed,588.18,0.0,61.28,588.18,649.46
CLM-001441,POL-009727,BOP,Light Manufacturing,AZ,2026-01-19,2026-06-16,148,Wind/Hail,Open,4115.45,3806.2,645.08,7921.65,8566.73
CLM-001442,POL-009733,General Liability,Retail,TX,2024-05-19,2024-10-28,162,Slip & Fall,Open,24877.68,40890.11,6749.68,65767.79,72517.47
CLM-001443,POL-009743,BOP,Real Estate,WA,2025-04-02,2025-05-02,30,Slip & Fall,Closed,8255.39,0.0,438.22,8255.39,8693.61
CLM-001444,POL-009755,General Liability,Professional Services,NY,2026-04-06,2026-05-04,28,Products Liability,Open,9827.67,18338.37,1478.46,28166.04,29644.5
CLM-001445,POL-009788,Professional Liability,Healthcare Services,IL,2024-01-24,2025-04-02,434,Failure to Deliver,Closed - No Pay,0.0,0.0,0.0,0.0,0.0
CLM-001446,POL-009797,General Liability,Contractors,FL,2024-02-09,2024-02-27,18,Property Damage - 3rd Party,Closed,22936.78,0.0,3770.89,22936.78,26707.67
CLM-001447,POL-009802,BOP,Restaurants & Food Service,NY,2024-08-03,2024-09-04,32,Slip & Fall,Closed,13560.92,0.0,1802.78,13560.92,15363.7
CLM-001448,POL-009814,BOP,Technology,CA,2023-05-25,2023-05-25,0,Slip & Fall,Closed,3251.1,0.0,301.3,3251.1,3552.4
CLM-001449,POL-009816,BOP,Technology,CA,2025-12-21,2025-12-29,8,Fire,Closed,42259.64,0.0,2845.08,42259.64,45104.72
CLM-001450,POL-009818,General Liability,Light Manufacturing,TX,2026-02-04,2026-06-09,125,Completed Operations,Open,61617.47,104947.27,30825.27,166564.74,197390.01
CLM-001451,POL-009820,General Liability,Contractors,TX,2024-09-21,2024-10-21,30,Property Damage - 3rd Party,Closed,2137.37,0.0,422.52,2137.37,2559.89
CLM-001452,POL-009821,General Liability,Contractors,TX,2025-05-31,2025-12-20,203,Products Liability,Open,12780.36,15516.24,5711.99,28296.6,34008.59
CLM-001453,POL-009828,General Liability,Contractors,IL,2024-10-16,2025-01-02,78,Personal & Advertising Injury,Closed,28715.65,0.0,4972.88,28715.65,33688.53
CLM-001454,POL-009829,General Liability,Contractors,IL,2026-01-08,2026-04-28,110,Slip & Fall,Open,5817.9,14261.04,3357.82,20078.94,23436.76
CLM-001455,POL-009847,General Liability,Contractors,OH,2024-05-13,2024-07-19,67,Slip & Fall,Closed - No Pay,0.0,0.0,0.0,0.0,0.0
CLM-001456,POL-009852,BOP,Professional Services,FL,2026-02-24,2026-03-22,26,Theft/Burglary,Open,310.02,557.86,58.93,867.88,926.81
CLM-001457,POL-009863,General Liability,Light Manufacturing,AZ,2025-07-04,2025-07-19,15,Slip & Fall,Open,50173.8,59244.3,20323.76,109418.1,129741.86
CLM-001458,POL-009875,General Liability,Retail,IL,2026-01-26,2026-01-30,4,Products Liability,Open,45559.47,72625.48,15135.09,118184.95,133320.04
CLM-001459,POL-009878,BOP,Real Estate,CA,2025-03-13,2025-05-01,49,Business Interruption,Open,645.7,5701.78,1322.64,6347.48,7670.12
CLM-001460,POL-009880,BOP,Restaurants & Food Service,NC,2023-08-14,2023-09-06,23,Theft/Burglary,Closed,8764.71,0.0,1304.4,8764.71,10069.11
CLM-001461,POL-009893,Professional Liability,Technology,CA,2026-01-09,2026-03-27,77,Negligent Act,Open,654980.38,1697018.14,176785.44,2351998.52,2528783.96
CLM-001462,POL-009922,General Liability,Restaurants & Food Service,WA,2025-11-18,2025-11-23,5,Completed Operations,Open,486.17,573.68,103.64,1059.85,1163.49
CLM-001463,POL-009924,BOP,Retail,TX,2025-03-19,2025-03-21,2,Water Damage,Closed,33836.17,0.0,7208.12,33836.17,41044.29
CLM-001464,POL-009925,BOP,Retail,TX,2026-04-06,2026-04-27,21,Slip & Fall,Open,5837.77,39812.75,4465.48,45650.52,50116.0
CLM-001465,POL-009928,General Liability,Retail,IL,2025-10-06,2025-12-15,70,Products Liability,Open,15306.22,23147.82,4979.49,38454.04,43433.53
CLM-001466,POL-009942,BOP,Contractors,AZ,2024-05-06,2024-05-11,5,Water Damage,Closed,60202.77,0.0,10487.15,60202.77,70689.92
CLM-001467,POL-009968,BOP,Real Estate,TX,2025-04-23,2025-09-17,147,Wind/Hail,Open,390.62,2476.66,504.73,2867.28,3372.01
CLM-001468,POL-009969,BOP,Real Estate,TX,2026-04-09,2026-04-25,16,Business Interruption,Closed,907.74,0.0,41.04,907.74,948.78
CLM-001469,POL-009978,BOP,Light Manufacturing,FL,2025-10-02,2025-11-21,50,Water Damage,Open,2110.82,12165.53,1264.75,14276.35,15541.1
CLM-001470,POL-010005,BOP,Light Manufacturing,WA,2024-08-19,2024-11-07,80,Wind/Hail,Open,340.96,505.28,85.46,846.24,931.7
CLM-001471,POL-010007,General Liability,Restaurants & Food Service,TX,2024-12-04,2024-12-15,11,Slip & Fall,Closed,6945.28,0.0,1510.87,6945.28,8456.15
CLM-001472,POL-010026,BOP,Contractors,CA,2026-03-16,2026-04-08,23,Fire,Open,4821.11,4645.99,1363.8,9467.1,10830.9
CLM-001473,POL-010026,BOP,Contractors,CA,2026-04-13,2026-05-11,28,Wind/Hail,Closed,33026.81,0.0,6888.5,33026.81,39915.31
CLM-001474,POL-010030,BOP,Contractors,FL,2026-04-16,2026-05-24,38,Business Interruption,Closed,9181.14,0.0,1480.48,9181.14,10661.62
CLM-001475,POL-010034,General Liability,Real Estate,NY,2025-11-24,2026-05-01,158,Property Damage - 3rd Party,Open,1291.08,13586.92,1338.3,14878.0,16216.3
CLM-001476,POL-010045,BOP,Retail,IL,2024-05-31,2024-07-31,61,Wind/Hail,Closed,1543.19,0.0,236.78,1543.19,1779.97
CLM-001477,POL-010053,BOP,Retail,CA,2025-01-18,2025-02-10,23,Slip & Fall,Open,1445.43,6486.14,801.09,7931.57,8732.66
CLM-001478,POL-010055,BOP,Contractors,OH,2024-01-18,2024-02-03,16,Wind/Hail,Closed,2411.79,0.0,221.72,2411.79,2633.51
CLM-001479,POL-010056,General Liability,Contractors,CA,2023-10-14,2023-11-12,29,Slip & Fall,Closed,76154.84,0.0,10734.69,76154.84,86889.53
CLM-001480,POL-010072,BOP,Restaurants & Food Service,AZ,2026-03-27,2026-04-06,10,Wind/Hail,Open,457.94,2397.29,311.09,2855.23,3166.32
CLM-001481,POL-010076,Professional Liability,Technology,FL,2025-11-15,2026-06-05,202,Breach of Duty,Open,26645.86,35969.84,10980.17,62615.7,73595.87
CLM-001482,POL-010086,Professional Liability,Technology,WA,2025-05-23,2025-06-23,31,Breach of Duty,Open,12264.01,21884.17,3592.14,34148.18,37740.32
CLM-001483,POL-010096,General Liability,Restaurants & Food Service,TX,2025-09-03,2025-11-14,72,Completed Operations,Open,12629.78,25631.24,7261.1,38261.02,45522.12
CLM-001484,POL-010103,BOP,Light Manufacturing,NY,2024-08-09,2024-09-03,25,Slip & Fall,Closed - No Pay,0.0,0.0,0.0,0.0,0.0
CLM-001485,POL-010118,General Liability,Restaurants & Food Service,TX,2026-03-14,2026-05-13,60,Products Liability,Open,12118.09,23974.73,5018.15,36092.82,41110.97
CLM-001486,POL-010123,BOP,Contractors,TX,2023-07-26,2023-12-01,128,Water Damage,Closed,75987.51,0.0,12728.51,75987.51,88716.02
CLM-001487,POL-010139,General Liability,Contractors,FL,2025-02-04,2025-02-12,8,Personal & Advertising Injury,Open,14708.01,27053.11,6939.07,41761.12,48700.19
CLM-001488,POL-010158,General Liability,Real Estate,FL,2025-11-22,2025-12-23,31,Personal & Advertising Injury,Closed,12588.48,0.0,1090.78,12588.48,13679.26
CLM-001489,POL-010161,BOP,Contractors,IL,2024-07-09,2024-07-21,12,Theft/Burglary,Closed,26618.03,0.0,4401.17,26618.03,31019.2
CLM-001490,POL-010162,BOP,Contractors,IL,2025-06-04,2025-06-27,23,Slip & Fall,Closed,9353.94,0.0,981.99,9353.94,10335.93
CLM-001491,POL-010165,General Liability,Contractors,FL,2025-12-12,2026-01-15,34,Personal & Advertising Injury,Open,16400.62,84359.31,10534.86,100759.93,111294.79
CLM-001492,POL-010178,BOP,Healthcare Services,CA,2024-07-02,2024-07-26,24,Water Damage,Closed,6007.82,0.0,1152.0,6007.82,7159.82
CLM-001493,POL-010185,Professional Liability,Technology,IL,2024-04-08,2026-04-23,745,Regulatory Proceeding,Open,6502.2,18708.66,3242.4,25210.86,28453.26
CLM-001494,POL-010187,General Liability,Contractors,IL,2025-01-17,2025-02-10,24,Personal & Advertising Injury,Open,2631.17,2229.01,573.87,4860.18,5434.05
CLM-001495,POL-010187,General Liability,Contractors,IL,2025-02-03,2025-02-07,4,Personal & Advertising Injury,Closed - No Pay,0.0,0.0,0.0,0.0,0.0
CLM-001496,POL-010196,General Liability,Contractors,NY,2026-03-11,2026-04-24,44,Slip & Fall,Open,1124.66,924.53,90.88,2049.19,2140.07
CLM-001497,POL-010212,BOP,Restaurants & Food Service,FL,2025-04-30,2025-05-27,27,Theft/Burglary,Closed,8684.17,0.0,938.11,8684.17,9622.28
CLM-001498,POL-010224,BOP,Healthcare Services,TX,2025-04-15,2025-05-26,41,Theft/Burglary,Closed,7693.33,0.0,405.6,7693.33,8098.93
CLM-001499,POL-010226,BOP,Real Estate,NY,2024-10-16,2024-10-26,10,Business Interruption,Closed,2791.57,0.0,180.5,2791.57,2972.07
CLM-001500,POL-010247,BOP,Contractors,CA,2025-01-30,2025-04-01,61,Business Interruption,Closed,10170.34,0.0,967.58,10170.34,11137.92
CLM-001501,POL-010252,General Liability,Real Estate,OH,2025-02-03,2025-02-15,12,Personal & Advertising Injury,Closed,8460.36,0.0,1037.15,8460.36,9497.51
CLM-001502,POL-010253,BOP,Restaurants & Food Service,CA,2024-07-25,2024-08-11,17,Wind/Hail,Closed,6063.48,0.0,1220.33,6063.48,7283.81
CLM-001503,POL-010258,General Liability,Real Estate,TX,2024-10-15,2025-05-04,201,Personal & Advertising Injury,Closed - No Pay,0.0,0.0,0.0,0.0,0.0
CLM-001504,POL-010259,General Liability,Real Estate,TX,2025-11-13,2026-04-19,157,Products Liability,Open,40521.92,110827.54,13502.6,151349.46,164852.06
CLM-001505,POL-010269,Professional Liability,Professional Services,NY,2024-08-11,2024-10-09,59,Breach of Duty,Closed,144496.41,0.0,30214.07,144496.41,174710.48
CLM-001506,POL-010275,BOP,Light Manufacturing,GA,2026-01-05,2026-01-23,18,Wind/Hail,Open,3723.76,4716.16,695.34,8439.92,9135.26
CLM-001507,POL-010294,BOP,Restaurants & Food Service,NY,2023-12-26,2023-12-26,0,Theft/Burglary,Closed - No Pay,0.0,0.0,0.0,0.0,0.0
CLM-001508,POL-010301,Professional Liability,Professional Services,GA,2025-04-03,2025-09-01,151,Regulatory Proceeding,Open,1451.93,4455.31,746.12,5907.24,6653.36
CLM-001509,POL-010328,General Liability,Healthcare Services,IL,2025-11-03,2026-02-20,109,Products Liability,Open,3282.07,14893.28,1509.12,18175.35,19684.47
CLM-001510,POL-010335,General Liability,Contractors,CA,2025-07-27,2025-10-27,92,Products Liability,Closed,1420161.28,0.0,126021.11,1420161.28,1546182.39
CLM-001511,POL-010335,General Liability,Contractors,CA,2025-08-27,2025-12-06,101,Products Liability,Closed,24017.24,0.0,3881.48,24017.24,27898.72
CLM-001512,POL-010335,General Liability,Contractors,CA,2025-02-08,2025-06-26,138,Products Liability,Closed,92102.17,0.0,16386.64,92102.17,108488.81
CLM-001513,POL-010339,BOP,Restaurants & Food Service,NC,2025-07-16,2025-07-22,6,Slip & Fall,Closed,7300.88,0.0,323.54,7300.88,7624.42
CLM-001514,POL-010340,General Liability,Light Manufacturing,AZ,2025-05-06,2025-09-07,124,Slip & Fall,Closed,7922.65,0.0,1651.26,7922.65,9573.91
CLM-001515,POL-010344,General Liability,Contractors,TX,2024-09-26,2024-11-18,53,Personal & Advertising Injury,Open,5595.8,13655.17,3425.5,19250.97,22676.47
CLM-001516,POL-010376,General Liability,Contractors,WA,2025-12-03,2026-04-26,144,Products Liability,Open,9200.67,14496.08,3845.43,23696.75,27542.18
CLM-001517,POL-010380,BOP,Restaurants & Food Service,FL,2025-03-15,2025-04-20,36,Slip & Fall,Closed,3193.49,0.0,375.15,3193.49,3568.64
CLM-001518,POL-010380,BOP,Restaurants & Food Service,FL,2025-03-03,2025-04-21,49,Theft/Burglary,Open,4293.32,6516.58,1664.66,10809.9,12474.56
CLM-001519,POL-010391,General Liability,Healthcare Services,IL,2025-02-06,2025-05-16,99,Property Damage - 3rd Party,Open,23243.92,34435.29,7442.56,57679.21,65121.77
CLM-001520,POL-010394,BOP,Light Manufacturing,IL,2026-04-25,2026-04-28,3,Business Interruption,Closed,24421.8,0.0,1703.72,24421.8,26125.52
CLM-001521,POL-010402,General Liability,Restaurants & Food Service,OH,2025-07-15,2025-08-01,17,Property Damage - 3rd Party,Open,7987.86,8525.4,2440.39,16513.26,18953.65
CLM-001522,POL-010407,General Liability,Light Manufacturing,WA,2024-02-24,2024-08-14,172,Personal & Advertising Injury,Closed,106058.48,0.0,16744.47,106058.48,122802.95
CLM-001523,POL-010415,BOP,Retail,FL,2025-04-05,2025-04-26,21,Business Interruption,Closed,1970.68,0.0,425.16,1970.68,2395.84
CLM-001524,POL-010419,BOP,Contractors,CA,2024-08-26,2024-09-12,17,Fire,Open,3738.76,7408.85,815.89,11147.61,11963.5
CLM-001525,POL-010457,BOP,Contractors,CA,2024-06-29,2024-07-23,24,Theft/Burglary,Closed,3669.45,0.0,632.22,3669.45,4301.67
CLM-001526,POL-010458,BOP,Contractors,CA,2025-03-14,2025-05-18,65,Water Damage,Closed,51634.91,0.0,7992.92,51634.91,59627.83
CLM-001527,POL-010459,BOP,Contractors,CA,2026-03-31,2026-06-27,88,Wind/Hail,Open,1216.14,6528.11,1378.99,7744.25,9123.24
CLM-001528,POL-010467,BOP,Restaurants & Food Service,TX,2025-12-27,2026-03-20,83,Water Damage,Open,2929.24,7815.53,2236.74,10744.77,12981.51
CLM-001529,POL-010470,General Liability,Light Manufacturing,GA,2025-10-02,2025-10-02,0,Slip & Fall,Open,903.01,4836.36,1046.55,5739.37,6785.92
CLM-001530,POL-010471,General Liability,Retail,TX,2024-09-23,2024-11-23,61,Property Damage - 3rd Party,Closed,16566.51,0.0,3410.9,16566.51,19977.41
CLM-001531,POL-010473,BOP,Retail,AZ,2024-10-13,2025-02-02,112,Slip & Fall,Closed,103929.76,0.0,15809.81,103929.76,119739.57
CLM-001532,POL-010475,BOP,Retail,AZ,2026-06-24,2026-06-29,5,Wind/Hail,Open,5507.92,6579.5,2386.29,12087.42,14473.71
CLM-001533,POL-010486,BOP,Real Estate,IL,2025-10-13,2025-11-11,29,Business Interruption,Closed,49107.68,0.0,5852.21,49107.68,54959.89
CLM-001534,POL-010495,General Liability,Healthcare Services,OH,2026-01-29,2026-04-16,77,Completed Operations,Open,1991.31,8314.2,1569.88,10305.51,11875.39
CLM-001535,POL-010497,BOP,Restaurants & Food Service,AZ,2024-10-10,2024-10-26,16,Water Damage,Closed,5480.2,0.0,741.06,5480.2,6221.26
CLM-001536,POL-010498,BOP,Restaurants & Food Service,AZ,2025-04-01,2025-04-07,6,Fire,Open,3158.2,5846.4,696.06,9004.6,9700.66
CLM-001537,POL-010522,General Liability,Contractors,FL,2025-02-14,2025-03-29,43,Completed Operations,Closed,10751.24,0.0,1160.35,10751.24,11911.59
CLM-001538,POL-010526,General Liability,Real Estate,TX,2024-09-12,2024-09-17,5,Completed Operations,Closed,19372.04,0.0,3354.74,19372.04,22726.78
CLM-001539,POL-010547,General Liability,Light Manufacturing,FL,2026-03-28,2026-06-22,86,Property Damage - 3rd Party,Open,10744.14,31809.33,1937.5,42553.47,44490.97
CLM-001540,POL-010549,BOP,Real Estate,IL,2024-01-10,2024-01-19,9,Wind/Hail,Closed,18787.54,0.0,1023.27,18787.54,19810.81
CLM-001541,POL-010551,BOP,Real Estate,NY,2024-07-09,2024-07-12,3,Theft/Burglary,Closed,6625.33,0.0,687.1,6625.33,7312.43
CLM-001542,POL-010551,BOP,Real Estate,NY,2025-01-22,2025-01-22,0,Wind/Hail,Open,2320.54,2279.31,982.11,4599.85,5581.96
CLM-001543,POL-010554,General Liability,Contractors,WA,2023-11-27,2024-01-30,64,Products Liability,Closed,31401.25,0.0,4821.84,31401.25,36223.09
CLM-001544,POL-010554,General Liability,Contractors,WA,2024-02-29,2024-05-24,85,Personal & Advertising Injury,Closed,4556.07,0.0,942.64,4556.07,5498.71
CLM-001545,POL-010570,BOP,Retail,GA,2026-04-18,2026-04-30,12,Water Damage,Open,11963.81,16067.09,1871.64,28030.9,29902.54
CLM-001546,POL-010573,BOP,Light Manufacturing,NY,2023-04-18,2023-05-02,14,Slip & Fall,Open,3479.41,22826.71,3585.38,26306.12,29891.5
CLM-001547,POL-010581,BOP,Real Estate,IL,2024-04-10,2024-05-03,23,Slip & Fall,Closed,13201.84,0.0,2264.86,13201.84,15466.7
CLM-001548,POL-010595,Professional Liability,Technology,GA,2025-08-05,2025-11-09,96,Failure to Deliver,Open,69733.87,141536.92,42187.71,211270.79,253458.5
CLM-001549,POL-010604,Professional Liability,Professional Services,GA,2024-09-11,2024-10-14,33,Negligent Act,Open,125628.76,362809.22,98888.34,488437.98,587326.32
CLM-001550,POL-010615,General Liability,Restaurants & Food Service,WA,2023-05-14,2023-07-16,63,Completed Operations,Closed,3163.1,0.0,176.32,3163.1,3339.42
CLM-001551,POL-010622,General Liability,Healthcare Services,AZ,2025-04-09,2025-11-16,221,Personal & Advertising Injury,Open,2597.32,2769.2,1061.49,5366.52,6428.01
CLM-001552,POL-010634,BOP,Contractors,TX,2026-05-02,2026-05-07,5,Theft/Burglary,Open,1280.13,6954.18,364.74,8234.31,8599.05
CLM-001553,POL-010635,BOP,Restaurants & Food Service,NY,2026-05-15,2026-06-20,36,Slip & Fall,Open,772.66,1311.62,439.37,2084.28,2523.65
CLM-001554,POL-010642,General Liability,Contractors,OH,2025-12-01,2025-12-20,19,Completed Operations,Open,4992.68,31868.41,5734.22,36861.09,42595.31
CLM-001555,POL-010650,BOP,Retail,TX,2024-08-08,2024-08-09,1,Theft/Burglary,Closed,61488.99,0.0,7140.48,61488.99,68629.47
CLM-001556,POL-010661,Professional Liability,Professional Services,CA,2025-10-02,2026-03-07,156,Failure to Deliver,Open,59343.82,73068.77,8856.03,132412.59,141268.62
CLM-001557,POL-010663,BOP,Retail,NY,2026-04-27,2026-05-04,7,Theft/Burglary,Open,7922.14,6868.75,2129.44,14790.89,16920.33
CLM-001558,POL-010668,BOP,Restaurants & Food Service,FL,2024-09-24,2024-09-29,5,Business Interruption,Closed,2341.19,0.0,417.48,2341.19,2758.67
CLM-001559,POL-010694,BOP,Retail,AZ,2026-04-29,2026-05-10,11,Wind/Hail,Open,2307.73,2184.81,283.45,4492.54,4775.99
CLM-001560,POL-010701,BOP,Retail,GA,2026-03-29,2026-04-19,21,Business Interruption,Open,410.68,680.99,235.13,1091.67,1326.8
CLM-001561,POL-010717,General Liability,Restaurants & Food Service,CA,2024-01-15,2024-04-24,100,Property Damage - 3rd Party,Closed,32822.23,0.0,4887.6,32822.23,37709.83
CLM-001562,POL-010719,General Liability,Restaurants & Food Service,CA,2026-03-05,2026-04-17,43,Slip & Fall,Closed,80654.21,0.0,14330.23,80654.21,94984.44
CLM-001563,POL-010719,General Liability,Restaurants & Food Service,CA,2025-10-03,2025-12-04,62,Property Damage - 3rd Party,Open,297.4,1396.47,326.22,1693.87,2020.09
CLM-001564,POL-010724,BOP,Restaurants & Food Service,GA,2025-03-02,2025-04-07,36,Slip & Fall,Open,9811.42,10639.67,1678.61,20451.09,22129.7
CLM-001565,POL-010735,Professional Liability,Real Estate,FL,2025-07-22,2025-11-13,114,Failure to Deliver,Closed,212934.26,0.0,46284.7,212934.26,259218.96
CLM-001566,POL-010761,BOP,Restaurants & Food Service,CA,2025-08-08,2025-08-26,18,Fire,Open,1332.84,3766.58,944.91,5099.42,6044.33
CLM-001567,POL-010771,BOP,Light Manufacturing,WA,2023-12-27,2024-01-10,14,Water Damage,Closed,6534.59,0.0,1177.21,6534.59,7711.8
CLM-001568,POL-010771,BOP,Light Manufacturing,WA,2023-11-16,2023-12-11,25,Business Interruption,Closed - No Pay,0.0,0.0,0.0,0.0,0.0
CLM-001569,POL-010773,General Liability,Contractors,GA,2025-11-24,2025-12-18,24,Personal & Advertising Injury,Open,14907.71,12870.33,4089.91,27778.04,31867.95
CLM-001570,POL-010776,BOP,Contractors,NY,2025-12-03,2025-12-30,27,Wind/Hail,Open,1388.19,4429.5,630.58,5817.69,6448.27
CLM-001571,POL-010776,BOP,Contractors,NY,2026-01-14,2026-02-04,21,Slip & Fall,Open,911.71,11825.87,1219.13,12737.58,13956.71
CLM-001572,POL-010784,General Liability,Contractors,CA,2025-02-25,2025-06-03,98,Completed Operations,Open,555.38,10022.63,1113.44,10578.01,11691.45
CLM-001573,POL-010794,General Liability,Contractors,NY,2024-09-01,2025-02-22,174,Property Damage - 3rd Party,Closed,9197.53,0.0,406.09,9197.53,9603.62
CLM-001574,POL-010813,General Liability,Light Manufacturing,CA,2025-01-14,2025-01-17,3,Completed Operations,Open,5035.32,22383.58,1403.44,27418.9,28822.34
CLM-001575,POL-010823,Professional Liability,Technology,IL,2025-02-11,2026-03-23,405,Misrepresentation,Open,8273.51,42302.1,6797.76,50575.61,57373.37
CLM-001576,POL-010844,BOP,Real Estate,OH,2024-10-07,2024-10-13,6,Slip & Fall,Open,11570.26,10456.18,1813.86,22026.44,23840.3
CLM-001577,POL-010845,BOP,Real Estate,OH,2025-09-25,2025-10-03,8,Water Damage,Closed,16397.72,0.0,1677.57,16397.72,18075.29
CLM-001578,POL-010868,BOP,Retail,NY,2026-03-02,2026-04-12,41,Business Interruption,Open,123.85,1389.32,260.77,1513.17,1773.94
CLM-001579,POL-010872,BOP,Restaurants & Food Service,OH,2025-04-25,2025-06-11,47,Slip & Fall,Closed,4301.22,0.0,575.65,4301.22,4876.87
CLM-001580,POL-010874,General Liability,Contractors,CA,2025-01-20,2025-07-20,181,Products Liability,Open,17746.96,20144.43,7349.15,37891.39,45240.54
CLM-001581,POL-010878,General Liability,Professional Services,NC,2023-10-22,2024-01-09,79,Products Liability,Closed,149080.19,0.0,8920.96,149080.19,158001.15
CLM-001582,POL-010879,General Liability,Professional Services,NC,2024-09-14,2024-11-15,62,Slip & Fall,Closed,38312.22,0.0,8259.89,38312.22,46572.11
CLM-001583,POL-010882,BOP,Restaurants & Food Service,TX,2024-04-22,2024-05-01,9,Wind/Hail,Closed,20308.64,0.0,2843.71,20308.64,23152.35
CLM-001584,POL-010890,General Liability,Restaurants & Food Service,AZ,2024-09-22,2025-07-07,288,Completed Operations,Closed,10525.37,0.0,874.94,10525.37,11400.31
CLM-001585,POL-010896,General Liability,Contractors,OH,2024-06-03,2024-09-28,117,Slip & Fall,Open,849.53,11383.15,2116.48,12232.68,14349.16
CLM-001586,POL-010904,BOP,Restaurants & Food Service,NY,2026-01-13,2026-01-13,0,Theft/Burglary,Open,1322.51,7733.14,715.07,9055.65,9770.72
CLM-001587,POL-010909,BOP,Light Manufacturing,FL,2025-11-07,2025-12-09,32,Water Damage,Closed,24392.84,0.0,2315.45,24392.84,26708.29
CLM-001588,POL-010924,General Liability,Retail,OH,2025-10-18,2025-10-31,13,Property Damage - 3rd Party,Closed,1233.71,0.0,134.44,1233.71,1368.15
CLM-001589,POL-010930,BOP,Light Manufacturing,AZ,2024-10-31,2024-11-10,10,Theft/Burglary,Closed,4154.86,0.0,285.4,4154.86,4440.26
CLM-001590,POL-010944,Professional Liability,Healthcare Services,NY,2026-02-15,2026-04-28,72,Breach of Duty,Open,28503.37,27516.3,9752.34,56019.67,65772.01
CLM-001591,POL-010947,General Liability,Real Estate,TX,2026-01-22,2026-02-12,21,Products Liability,Closed,36695.59,0.0,1727.47,36695.59,38423.06
CLM-001592,POL-010951,General Liability,Restaurants & Food Service,WA,2026-04-02,2026-04-28,26,Products Liability,Open,3293.27,6044.02,1324.45,9337.29,10661.74
CLM-001593,POL-010960,General Liability,Contractors,TX,2025-12-23,2026-06-16,175,Slip & Fall,Closed,45865.27,0.0,8587.5,45865.27,54452.77
CLM-001594,POL-010965,General Liability,Restaurants & Food Service,FL,2023-11-07,2023-11-07,0,Completed Operations,Closed,40985.88,0.0,2896.97,40985.88,43882.85
CLM-001595,POL-010974,General Liability,Light Manufacturing,TX,2024-10-15,2024-11-16,32,Slip & Fall,Closed,23036.48,0.0,4778.12,23036.48,27814.6
CLM-001596,POL-010977,General Liability,Contractors,TX,2025-10-21,2025-12-10,50,Personal & Advertising Injury,Closed,36268.15,0.0,6827.01,36268.15,43095.16
CLM-001597,POL-010986,General Liability,Light Manufacturing,TX,2023-11-21,2024-03-01,101,Personal & Advertising Injury,Closed,17065.25,0.0,899.35,17065.25,17964.6
CLM-001598,POL-010986,General Liability,Light Manufacturing,TX,2023-09-18,2023-09-30,12,Personal & Advertising Injury,Closed,29011.79,0.0,4293.91,29011.79,33305.7
CLM-001599,POL-010992,BOP,Professional Services,OH,2024-08-10,2024-11-18,100,Slip & Fall,Closed,23394.51,0.0,4305.7,23394.51,27700.21
CLM-001600,POL-011005,General Liability,Contractors,CA,2025-03-05,2025-06-02,89,Personal & Advertising Injury,Open,8894.51,26715.16,6641.04,35609.67,42250.71
CLM-001601,POL-011008,BOP,Retail,TX,2026-06-17,2026-06-26,9,Wind/Hail,Open,2844.12,5644.51,1675.76,8488.63,10164.39
CLM-001602,POL-011021,General Liability,Contractors,NC,2026-02-15,2026-06-23,128,Personal & Advertising Injury,Open,1618.3,5906.35,1541.0,7524.65,9065.65
CLM-001603,POL-011026,BOP,Retail,FL,2025-08-04,2025-10-12,69,Business Interruption,Closed,3535.2,0.0,711.07,3535.2,4246.27
CLM-001604,POL-011031,General Liability,Professional Services,TX,2025-10-29,2026-02-28,122,Completed Operations,Open,2325.44,20920.84,2133.3,23246.28,25379.58
CLM-001605,POL-011033,BOP,Restaurants & Food Service,CA,2026-04-18,2026-06-14,57,Fire,Open,1788.14,7232.26,1354.25,9020.4,10374.65
CLM-001606,POL-011033,BOP,Restaurants & Food Service,CA,2026-05-01,2026-05-16,15,Fire,Open,886.58,3793.38,533.94,4679.96,5213.9
CLM-001607,POL-011036,Professional Liability,Professional Services,WA,2025-03-29,2025-07-03,96,Breach of Duty,Open,3461.53,19231.25,4789.58,22692.78,27482.36
CLM-001608,POL-011043,General Liability,Professional Services,IL,2025-12-12,2026-02-03,53,Personal & Advertising Injury,Closed,30487.86,0.0,2998.16,30487.86,33486.02
CLM-001609,POL-011046,BOP,Restaurants & Food Service,WA,2026-05-17,2026-05-28,11,Fire,Open,6894.49,13450.44,3486.86,20344.93,23831.79
CLM-001610,POL-011047,General Liability,Light Manufacturing,TX,2026-02-28,2026-03-22,22,Products Liability,Closed,13729.61,0.0,2613.65,13729.61,16343.26
CLM-001611,POL-011061,BOP,Real Estate,GA,2025-06-25,2025-07-08,13,Business Interruption,Closed,12531.44,0.0,2432.47,12531.44,14963.91
CLM-001612,POL-011078,General Liability,Retail,FL,2024-06-20,2025-01-18,212,Slip & Fall,Closed,3341.96,0.0,463.3,3341.96,3805.26
CLM-001613,POL-011079,General Liability,Retail,FL,2025-01-21,2025-05-12,111,Products Liability,Closed,7475.65,0.0,310.45,7475.65,7786.1
CLM-001614,POL-011088,General Liability,Real Estate,WA,2025-12-18,2026-05-07,140,Products Liability,Open,607.15,3629.88,502.78,4237.03,4739.81
CLM-001615,POL-011103,General Liability,Professional Services,FL,2025-02-25,2025-03-25,28,Personal & Advertising Injury,Open,666.96,8052.16,1052.46,8719.12,9771.58
CLM-001616,POL-011108,General Liability,Restaurants & Food Service,TX,2026-01-04,2026-03-12,67,Completed Operations,Closed,6106.39,0.0,939.02,6106.39,7045.41
CLM-001617,POL-011112,BOP,Professional Services,NC,2025-06-19,2025-07-03,14,Wind/Hail,Open,5543.29,28565.88,3652.21,34109.17,37761.38
CLM-001618,POL-011113,BOP,Professional Services,NC,2025-11-19,2026-02-14,87,Water Damage,Open,7258.56,8004.54,1290.51,15263.1,16553.61
CLM-001619,POL-011134,BOP,Restaurants & Food Service,TX,2025-10-15,2025-10-15,0,Fire,Open,1623.56,3242.69,620.12,4866.25,5486.37
CLM-001620,POL-011158,General Liability,Light Manufacturing,CA,2025-02-15,2025-09-08,205,Products Liability,Open,24284.43,32669.92,11571.09,56954.35,68525.44
CLM-001621,POL-011163,BOP,Light Manufacturing,OH,2025-07-31,2025-09-05,36,Theft/Burglary,Open,164.95,2233.02,137.52,2397.97,2535.49
CLM-001622,POL-011168,BOP,Retail,GA,2024-08-22,2024-11-26,96,Theft/Burglary,Closed,1542.34,0.0,103.36,1542.34,1645.7
CLM-001623,POL-011172,Professional Liability,Professional Services,GA,2024-09-07,2024-10-26,49,Regulatory Proceeding,Closed - No Pay,0.0,0.0,0.0,0.0,0.0
CLM-001624,POL-011190,BOP,Restaurants & Food Service,WA,2024-12-27,2025-02-03,38,Theft/Burglary,Closed,3808.4,0.0,549.15,3808.4,4357.55
CLM-001625,POL-011191,BOP,Restaurants & Food Service,WA,2025-03-21,2025-04-02,12,Wind/Hail,Closed,11196.6,0.0,773.66,11196.6,11970.26
CLM-001626,POL-011191,BOP,Restaurants & Food Service,WA,2025-02-12,2025-02-24,12,Fire,Closed,3762.13,0.0,241.68,3762.13,4003.81
